Date,Open,High,Low,Close,Adj Close,Volume
1/1/2012,115,115,113,114,114,1111
1/2/2012,114,118,115,118,118,551
1/3/2012,118,116,114,115,115,490
1/4/2012,115,115,113,114,114,3220
1/5/2012,114,114,112,113,113,775
1/8/2012,113,115,113,114,114,3240
1/9/2012,114,113,111,111,111,1710
1/10/2012,111,114,112,112,112,549
1/11/2012,112,112,111,112,112,2477
1/12/2012,112,112,110,112,112,3102
1/16/2012,112,112,111,111,111,1049
1/17/2012,111,114,110,113,113,866
1/18/2012,118,117,115,117,117,411
1/22/2012,117,118,115,117,117,4484
1/23/2012,117,115,111,112,112,1650
1/25/2012,112,114,111,114,114,1170
1/26/2012,114,114,110,112,112,1060
1/29/2012,112,114,111,112,112,4200
1/31/2012,112,114,110,110,110,2291
2/1/2012,110,113,110,111,111,1833
2/2/2012,111,113,111,111,111,3946
2/5/2012,111,111,109,110,110,1611
2/6/2012,110,111,110,111,111,992
2/7/2012,111,110,107,110,110,2091
2/8/2012,110,110,109,110,110,386
2/9/2012,110,110,109,109,109,920
2/12/2012,109,109,108,109,109,1309
2/13/2012,109,111,107,108,108,1992
2/14/2012,108,110,107,109,109,1961
2/15/2012,109,111,110,111,111,276
2/16/2012,111,109,107,108,108,550
2/21/2012,108,109,108,109,109,631
2/23/2012,109,109,107,109,109,1230
2/26/2012,109,109,105,107,107,2747
2/27/2012,107,109,107,108,108,1285
2/28/2012,108,110,107,109,109,2204
2/29/2012,109,109,108,108,108,1030
3/1/2012,108,109,107,108,108,2300
3/4/2012,108,109,104,109,109,1451
3/5/2012,109,109,107,107,107,460
3/6/2012,107,107,105,105,105,2124
3/11/2012,105,106,105,106,106,754
3/12/2012,106,107,102,106,106,1022
3/13/2012,106,106,104,104,104,1321
3/14/2012,104,105,103,103,103,793
3/15/2012,103,103,101,103,103,842
3/18/2012,103,103,101,103,103,1003
3/19/2012,103,105,102,102,102,311
3/20/2012,102,103,101,101,101,4107
3/21/2012,101,106,101,104,104,1257
3/25/2012,104,106,102,106,106,920
3/26/2012,106,107,103,107,107,2082
3/27/2012,107,105,102,103,103,270
3/28/2012,103,106,104,106,106,1615
3/29/2012,106,108,105,105,105,1395
4/1/2012,105,106,105,106,106,1762
4/2/2012,106,106,104,105,105,1275
4/3/2012,105,106,106,106,106,680
4/4/2012,106,106,105,105,105,3550
4/5/2012,105,106,105,106,106,680
4/8/2012,106,106,105,106,106,1051
4/9/2012,106,107,105,106,106,921
4/10/2012,106,106,104,106,106,1313
4/11/2012,106,110,107,107,107,2180
4/12/2012,107,114,108,114,114,683
4/15/2012,114,124,116,123,123,2514
4/16/2012,123,135,125,135,135,833
4/17/2012,135,133,130,130,130,1789
4/18/2012,130,128,120,124,124,3301
4/19/2012,124,128,120,122,122,4668
4/22/2012,122,124,122,123,123,1560
4/24/2012,123,129,125,129,129,100
4/25/2012,129,135,135,135,135,70
4/26/2012,135,148,137,148,148,8831
4/29/2012,148,159,141,150,150,8923
4/30/2012,150,153,135,140,140,5694
5/2/2012,140,140,128,128,128,980
5/3/2012,128,132,130,132,132,241
5/7/2012,132,134,134,134,134,183
5/8/2012,134,142,136,142,142,2332
5/9/2012,142,148,133,142,142,7062
5/10/2012,142,142,129,139,139,11243
5/13/2012,139,137,130,132,132,3133
5/14/2012,132,130,121,125,125,5092
5/15/2012,125,137,127,137,137,696
5/16/2012,137,139,139,139,139,150
5/17/2012,139,147,141,141,141,6469
5/20/2012,141,142,134,139,139,6548
5/21/2012,139,145,138,139,139,3222
5/22/2012,139,143,133,143,143,8963
5/23/2012,143,141,133,133,133,905
5/24/2012,133,143,133,143,143,7754
5/27/2012,143,153,140,148,148,6836
5/29/2012,148,146,134,134,134,3959
5/30/2012,134,132,121,121,121,4480
5/31/2012,121,128,119,128,128,1231
6/3/2012,128,140,125,140,140,1647
6/4/2012,140,141,130,133,133,3705
6/5/2012,133,135,131,133,133,2968
6/6/2012,133,131,125,126,126,1331
6/7/2012,126,134,122,131,131,2120
6/10/2012,131,140,133,138,138,8139
6/11/2012,138,142,136,140,140,4583
6/12/2012,140,142,139,140,140,4983
6/13/2012,140,146,138,141,141,8518
6/14/2012,141,139,133,136,136,1912
6/17/2012,136,136,128,134,134,2426
6/18/2012,134,133,130,133,133,2589
6/19/2012,133,133,131,132,132,1549
6/20/2012,132,136,132,134,134,1361
6/21/2012,134,137,135,136,136,1170
6/25/2012,136,140,133,140,140,1760
6/26/2012,140,138,134,136,136,2036
6/27/2012,136,140,132,140,140,2422
6/28/2012,140,142,139,140,140,2876
7/1/2012,140,142,140,142,142,3643
7/2/2012,142,145,140,141,141,3256
7/3/2012,141,141,140,141,141,880
7/4/2012,141,146,140,146,146,3868
7/5/2012,146,145,142,145,145,3056
7/8/2012,145,148,143,144,144,2338
7/9/2012,144,150,144,148,148,3893
7/10/2012,148,153,148,150,150,3747
7/11/2012,150,152,148,152,152,3631
7/12/2012,152,156,149,151,151,3977
7/15/2012,151,156,151,156,156,1722
7/16/2012,156,162,150,162,162,12898
7/17/2012,162,175,161,171,171,12061
7/18/2012,171,186,170,186,186,8985
7/19/2012,186,198,176,198,198,21519
7/22/2012,198,200,187,192,192,19689
7/23/2012,192,198,189,190,190,13375
7/24/2012,190,190,181,190,190,7364
7/25/2012,190,187,181,184,184,10548
7/26/2012,184,181,175,177,177,4910
7/29/2012,177,174,161,166,166,4932
7/30/2012,166,172,163,171,171,7450
7/31/2012,171,182,168,176,176,4757
8/1/2012,176,182,174,180,180,6479
8/5/2012,180,184,178,181,181,4178
8/6/2012,181,183,180,181,181,5741
8/7/2012,181,184,174,176,176,4255
8/8/2012,176,179,170,179,179,6744
8/12/2012,179,179,167,171,171,3111
8/13/2012,171,168,160,168,168,3464
8/14/2012,168,168,165,166,166,1990
8/15/2012,166,166,161,163,163,4533
8/16/2012,163,176,166,170,170,5649
8/19/2012,170,175,170,173,173,5601
8/21/2012,173,175,164,166,166,5218
8/22/2012,166,167,161,165,165,4219
8/23/2012,165,167,162,165,165,3162
8/26/2012,165,174,165,173,173,10162
8/27/2012,173,177,174,175,175,3340
8/28/2012,175,180,173,177,177,7405
8/29/2012,177,176,173,176,176,6758
8/30/2012,176,173,170,171,171,1905
9/2/2012,171,172,170,171,171,2866
9/3/2012,171,175,171,171,171,4178
9/4/2012,171,170,168,170,170,5642
9/5/2012,170,172,170,170,170,2370
9/6/2012,170,171,170,170,170,7102
9/9/2012,170,172,170,171,171,5013
9/10/2012,171,172,166,172,172,5097
9/11/2012,172,172,170,172,172,1662
9/12/2012,172,172,171,171,171,3222
9/13/2012,171,173,171,173,173,2968
9/16/2012,173,175,172,175,175,3274
9/17/2012,175,177,173,177,177,3239
9/18/2012,177,183,175,180,180,2338
9/19/2012,180,182,177,182,182,10568
9/20/2012,182,181,179,180,180,8013
9/23/2012,180,182,177,180,180,7991
9/24/2012,180,180,177,177,177,160
9/25/2012,177,176,172,175,175,4295
9/26/2012,175,177,172,177,177,6587
9/27/2012,177,174,173,174,174,1695
9/30/2012,174,175,173,175,175,5747
10/1/2012,175,176,173,175,175,4962
10/2/2012,175,176,175,175,175,2888
10/3/2012,175,176,172,176,176,2684
10/4/2012,176,177,175,175,175,2620
10/7/2012,175,178,175,175,175,3211
10/8/2012,175,176,175,175,175,3157
10/9/2012,175,176,175,175,175,5229
10/10/2012,175,181,175,176,176,3367
10/11/2012,176,177,175,175,175,7164
10/14/2012,175,178,175,177,177,3698
10/15/2012,177,177,175,176,176,2449
10/17/2012,176,178,178,178,178,517
10/18/2012,178,179,176,178,178,1405
10/30/2012,178,183,176,183,183,1294
10/31/2012,183,189,180,182,182,2858
11/1/2012,182,182,180,182,182,2402
11/4/2012,182,190,179,186,186,3923
11/5/2012,186,191,180,188,188,2610
11/6/2012,188,190,187,188,188,3708
11/7/2012,188,199,184,195,195,4246
11/8/2012,195,201,194,194,194,3508
11/11/2012,194,200,191,194,194,2797
11/12/2012,194,196,192,196,196,3161
11/18/2012,196,209,195,202,202,4897
11/20/2012,202,210,199,204,204,3585
11/21/2012,204,208,200,205,205,7505
11/22/2012,205,206,200,205,205,12951
11/25/2012,205,216,206,211,211,7730
11/26/2012,211,209,203,208,208,59247
11/27/2012,208,209,203,203,203,3234
11/28/2012,203,211,200,208,208,5510
11/29/2012,208,208,206,207,207,2261
12/2/2012,207,207,200,201,201,4800
12/3/2012,201,206,200,203,203,4633
12/4/2012,203,210,203,204,204,3519
12/5/2012,204,212,205,208,208,5953
12/6/2012,208,208,206,206,206,1830
12/9/2012,206,205,200,204,204,5198
12/10/2012,204,202,200,201,201,4919
12/11/2012,201,205,201,205,205,3414
12/13/2012,205,208,204,208,208,3290
12/16/2012,208,224,207,215,215,5244
12/17/2012,215,220,215,218,218,6656
12/18/2012,218,216,203,215,215,5273
12/19/2012,215,218,211,216,216,8116
12/20/2012,216,218,209,209,209,5727
12/23/2012,209,217,205,213,213,7171
12/24/2012,213,230,213,228,228,3500
12/26/2012,228,240,228,238,238,6219
12/27/2012,238,255,231,250,250,4877
12/31/2012,250,249,233,240,240,14630
1/1/2013,240,241,233,238,238,7961
1/2/2013,238,242,233,242,242,5628
1/3/2013,242,250,235,246,246,10342
1/6/2013,246,245,238,241,241,6384
1/7/2013,241,241,237,241,241,6744
1/8/2013,241,244,234,239,239,7156
1/9/2013,239,240,233,238,238,3658
1/10/2013,238,243,234,243,243,3936
1/13/2013,243,241,235,240,240,5314
1/15/2013,240,264,240,264,264,14770
1/16/2013,264,287,252,270,270,19323
1/17/2013,270,271,250,254,254,5818
1/20/2013,254,251,242,247,247,2655
1/21/2013,247,255,244,251,251,6088
1/22/2013,251,265,250,261,261,7109
1/23/2013,261,262,257,260,260,4532
1/24/2013,260,260,252,252,252,4722
1/27/2013,252,253,241,250,250,3268
1/28/2013,250,249,242,243,243,6464
1/30/2013,243,243,240,242,242,5603
1/31/2013,242,246,233,236,236,2997
2/3/2013,236,248,236,241,241,4519
2/4/2013,241,242,236,242,242,2909
2/5/2013,242,243,240,242,242,2382
2/6/2013,242,242,236,238,238,2204
2/7/2013,238,240,237,240,240,2011
2/10/2013,240,244,238,244,244,4273
2/12/2013,244,255,244,250,250,1951
2/13/2013,250,255,242,245,245,1862
2/14/2013,245,253,245,251,251,4871
2/17/2013,251,276,256,276,276,450
2/19/2013,276,281,257,260,260,6905
2/20/2013,260,255,250,250,250,5135
2/21/2013,250,255,244,250,250,3237
2/24/2013,250,251,244,250,250,2131
2/25/2013,250,255,246,255,255,2352
2/26/2013,255,260,245,250,250,2202
2/27/2013,250,250,245,250,250,3682
2/28/2013,250,252,249,250,250,9283
3/3/2013,250,255,248,250,250,7283
3/4/2013,250,255,250,250,250,2021
3/5/2013,250,254,249,252,252,1333
3/6/2013,252,257,250,256,256,5661
3/7/2013,256,266,252,260,260,8671
3/11/2013,260,263,257,260,260,5405
3/13/2013,260,275,259,270,270,5687
3/14/2013,270,275,262,265,265,9300
3/17/2013,265,265,255,260,260,5629
3/18/2013,260,257,252,256,256,4336
3/19/2013,256,261,255,260,260,5473
3/20/2013,260,256,252,253,253,1903
3/21/2013,253,252,245,250,250,3174
3/24/2013,250,247,242,245,245,2999
3/25/2013,245,250,241,248,248,3862
3/27/2013,248,249,245,247,247,2307
3/28/2013,247,248,243,246,246,3297
3/31/2013,246,246,238,240,240,7670
4/1/2013,240,245,235,242,242,6103
4/2/2013,242,246,241,246,246,5576
4/3/2013,246,250,245,245,245,3462
4/4/2013,245,245,242,244,244,1588
4/7/2013,244,246,244,246,246,2378
4/8/2013,246,248,244,244,244,1805
4/9/2013,244,247,243,245,245,2150
4/11/2013,245,247,245,245,245,2923
4/15/2013,245,245,240,241,241,1467
4/16/2013,241,244,240,241,241,2711
4/17/2013,241,246,238,243,243,2336
4/18/2013,243,243,240,240,240,2324
4/21/2013,240,238,235,235,235,3138
4/22/2013,235,235,227,235,235,3428
4/23/2013,235,239,235,238,238,2531
4/25/2013,238,234,225,230,230,1360
4/28/2013,230,229,226,226,226,1623
4/29/2013,226,232,226,227,227,2263
4/30/2013,227,230,225,230,230,3425
5/2/2013,230,230,218,221,221,2410
5/5/2013,221,227,211,211,211,2917
5/6/2013,211,207,201,203,203,2272
5/7/2013,203,218,203,215,215,1989
5/8/2013,215,217,212,215,215,1152
5/9/2013,215,212,207,210,210,480
5/12/2013,210,220,210,216,216,2755
5/13/2013,216,221,217,221,221,1666
5/14/2013,221,223,219,222,222,2285
5/15/2013,222,234,220,234,234,1507
5/16/2013,234,232,230,232,232,862
5/19/2013,232,228,222,222,222,1205
5/20/2013,222,226,218,223,223,1461
5/21/2013,223,239,225,235,235,8468
5/22/2013,235,239,230,232,232,2936
5/23/2013,232,228,218,218,218,2170
5/26/2013,218,224,217,221,221,2433
5/27/2013,221,228,220,225,225,1307
5/28/2013,225,231,222,225,225,1841
5/30/2013,225,228,224,226,226,3965
6/2/2013,226,230,222,223,223,2959
6/3/2013,223,225,222,225,225,2001
6/4/2013,225,230,224,225,225,5887
6/5/2013,225,226,223,225,225,3773
6/6/2013,225,229,220,221,221,5457
6/9/2013,221,223,218,220,220,1275
6/10/2013,220,221,214,215,215,1674
6/11/2013,215,217,213,213,213,4959
6/12/2013,213,215,209,213,213,938
6/13/2013,213,210,205,206,206,2734
6/16/2013,206,214,205,205,205,3116
6/17/2013,205,206,201,206,206,3177
6/18/2013,206,205,202,203,203,3775
6/19/2013,203,204,200,204,204,2193
6/20/2013,204,204,200,202,202,2914
6/23/2013,202,205,200,202,202,3944
6/24/2013,202,204,200,204,204,2863
6/25/2013,204,212,201,212,212,1591
6/26/2013,212,214,209,210,210,2267
6/27/2013,210,209,202,204,204,2462
6/30/2013,204,204,200,204,204,4074
7/1/2013,204,204,201,204,204,8440
7/2/2013,204,214,202,214,214,6663
7/3/2013,214,223,214,217,217,8503
7/4/2013,217,218,212,216,216,2654
7/7/2013,216,213,208,212,212,1944
7/8/2013,212,213,210,213,213,1314
7/9/2013,213,216,212,216,216,4180
7/10/2013,216,217,215,215,215,906
7/11/2013,215,217,210,211,211,1952
7/14/2013,211,213,211,213,213,849
7/15/2013,213,216,211,212,212,520
7/16/2013,212,213,208,212,212,1405
7/17/2013,212,218,209,218,218,833
7/18/2013,218,218,211,215,215,3565
7/21/2013,215,222,211,220,220,1576
7/22/2013,220,219,213,219,219,3960
7/23/2013,219,220,215,220,220,2380
7/24/2013,220,220,216,220,220,3875
7/25/2013,220,221,217,220,220,6133
7/28/2013,220,220,217,219,219,2271
7/29/2013,219,222,218,220,220,6445
7/30/2013,220,226,213,222,222,4366
7/31/2013,222,239,220,227,227,5674
8/1/2013,227,234,228,233,233,3874
8/4/2013,233,239,230,235,235,6786
8/5/2013,235,244,230,244,244,16970
8/6/2013,244,244,232,240,240,8059
8/7/2013,240,255,239,250,250,14766
8/8/2013,250,256,247,256,256,10429
8/11/2013,256,260,246,258,258,6243
8/12/2013,258,258,254,258,258,5404
8/13/2013,258,260,255,255,255,12121
8/14/2013,255,275,255,265,265,22278
8/15/2013,265,275,262,274,274,17518
8/18/2013,274,293,271,289,289,8762
8/19/2013,289,299,284,295,295,13094
8/20/2013,295,295,285,290,290,14268
8/25/2013,290,290,271,275,275,9229
8/26/2013,275,280,265,265,265,10512
8/27/2013,265,273,266,269,269,5993
8/29/2013,269,275,261,270,270,10781
9/1/2013,270,278,266,273,273,10315
9/2/2013,273,273,269,273,273,4607
9/3/2013,273,273,265,270,270,9705
9/4/2013,270,274,265,268,268,5881
9/5/2013,268,270,263,270,270,4619
9/8/2013,270,270,266,268,268,1430
9/9/2013,268,268,260,265,265,3761
9/10/2013,265,263,256,260,260,3506
9/11/2013,260,260,255,256,256,3560
9/12/2013,256,259,255,256,256,2297
9/15/2013,256,255,247,251,251,1705
9/16/2013,251,249,240,243,243,3105
9/17/2013,243,250,239,249,249,4190
9/19/2013,249,253,242,251,251,7230
9/22/2013,251,250,243,248,248,3598
9/23/2013,248,256,240,256,256,4366
9/24/2013,256,260,249,255,255,3569
9/25/2013,255,260,250,252,252,2342
9/26/2013,252,255,248,250,250,2947
9/29/2013,250,254,248,250,250,5593
9/30/2013,250,255,251,253,253,4048
10/1/2013,253,258,250,257,257,6780
10/2/2013,257,265,255,265,265,4507
10/3/2013,265,268,255,261,261,5989
10/6/2013,261,271,260,268,268,6298
10/7/2013,268,272,265,268,268,6554
10/8/2013,268,275,270,272,272,5781
10/9/2013,272,280,268,274,274,10880
10/10/2013,274,287,274,287,287,9084
10/17/2013,287,293,280,281,281,3422
10/20/2013,281,292,272,288,288,12323
10/21/2013,288,286,281,281,281,5261
10/22/2013,281,284,276,280,280,2882
10/23/2013,280,279,275,279,279,6589
10/24/2013,279,277,266,271,271,8658
10/27/2013,271,270,265,270,270,6644
10/28/2013,270,269,260,266,266,7712
10/29/2013,266,270,266,268,268,5113
10/30/2013,268,271,263,270,270,3999
10/31/2013,270,275,270,271,271,4946
11/6/2013,271,270,266,270,270,3065
11/7/2013,270,272,265,270,270,2913
11/10/2013,270,268,265,265,265,3006
11/11/2013,265,271,263,270,270,2943
11/12/2013,270,288,270,282,282,2751
11/13/2013,282,290,281,285,285,13696
11/14/2013,285,290,280,290,290,7095
11/21/2013,290,306,295,306,306,1316
11/24/2013,306,336,315,324,324,21647
11/25/2013,324,326,305,314,314,13105
11/26/2013,314,329,308,321,321,28272
11/27/2013,321,342,321,340,340,36076
11/28/2013,340,342,334,342,342,21680
12/1/2013,342,376,341,376,376,23763
12/2/2013,376,412,360,405,405,20977
12/3/2013,405,404,389,400,400,19402
12/4/2013,400,425,392,402,402,12389
12/5/2013,402,428,385,400,400,21081
12/8/2013,400,401,390,395,395,16688
12/9/2013,395,405,383,396,396,26882
12/10/2013,396,405,391,400,400,28690
12/11/2013,400,412,393,410,410,18473
12/12/2013,410,420,404,406,406,17759
12/15/2013,406,446,405,446,446,20003
12/16/2013,446,490,444,490,490,20965
12/18/2013,490,518,485,485,485,29053
12/19/2013,485,500,475,493,493,39462
12/22/2013,493,490,464,480,480,19387
12/23/2013,480,475,456,469,469,33400
12/24/2013,469,484,451,469,469,30153
12/26/2013,469,499,460,471,471,15787
12/29/2013,471,475,450,465,465,22999
12/31/2013,465,468,455,460,460,25659
1/1/2014,460,455,432,439,439,15862
1/2/2014,439,462,416,462,462,28467
1/5/2014,462,475,441,468,468,65735
1/6/2014,468,474,452,470,470,25538
1/7/2014,470,473,460,473,473,22161
1/8/2014,473,497,470,491,491,38768
1/9/2014,491,490,471,484,484,20109
1/12/2014,484,497,482,486,486,24734
1/13/2014,486,494,480,494,494,19617
1/14/2014,494,501,489,501,501,32504
1/16/2014,501,499,481,490,490,19341
1/19/2014,490,495,473,495,495,29053
1/20/2014,495,519,490,500,500,81646
1/21/2014,500,499,485,488,488,11260
1/22/2014,488,487,472,478,478,13817
1/23/2014,478,484,469,480,480,13779
1/26/2014,480,522,480,503,503,40298
1/27/2014,503,504,486,490,490,9937
1/28/2014,490,500,476,499,499,26031
1/29/2014,499,508,495,503,503,29804
2/2/2014,503,500,485,490,490,8622
2/3/2014,490,499,475,499,499,16945
2/4/2014,499,499,481,499,499,14068
2/5/2014,499,492,484,492,492,8624
2/6/2014,492,501,490,497,497,18213
2/9/2014,497,501,488,500,500,31751
2/10/2014,500,550,515,520,520,52878
2/11/2014,520,521,510,518,518,29068
2/12/2014,518,515,500,515,515,10260
2/13/2014,515,518,504,509,509,14908
2/16/2014,509,507,490,500,500,12363
2/17/2014,500,503,490,497,497,10000
2/18/2014,497,502,490,500,500,14557
2/20/2014,500,510,493,506,506,12477
2/23/2014,506,520,502,510,510,16883
2/24/2014,510,521,506,510,510,10633
2/25/2014,510,510,492,510,510,8159
2/26/2014,510,510,490,507,507,11856
3/3/2014,507,500,482,500,500,11330
3/4/2014,500,494,475,490,490,12645
3/5/2014,490,495,485,491,491,13670
3/6/2014,491,492,480,485,485,8096
3/9/2014,485,485,476,477,477,12131
3/10/2014,477,480,467,480,480,11578
3/11/2014,480,473,466,466,466,5775
3/12/2014,466,468,456,468,468,5270
3/13/2014,468,471,458,470,470,6624
3/17/2014,470,465,456,460,460,5748
3/18/2014,460,457,443,455,455,9587
3/19/2014,455,480,446,480,480,10946
3/20/2014,480,478,466,466,466,8516
3/23/2014,466,483,458,483,483,8169
3/24/2014,483,510,475,507,507,21201
3/25/2014,507,500,475,490,490,29739
3/26/2014,490,528,490,528,528,60736
3/27/2014,528,538,490,499,499,20209
3/31/2014,499,492,480,490,490,5218
4/1/2014,490,494,487,494,494,3932
4/2/2014,494,494,485,489,489,11115
4/3/2014,489,490,480,484,484,3927
4/6/2014,484,490,480,481,481,8848
4/7/2014,481,483,473,480,480,5197
4/9/2014,480,479,474,479,479,5534
4/10/2014,479,483,480,480,480,3389
4/13/2014,480,485,475,485,485,5766
4/15/2014,485,480,475,477,477,8445
4/16/2014,477,478,472,478,478,5706
4/17/2014,478,479,472,476,476,11560
4/20/2014,476,476,465,470,470,7619
4/21/2014,470,471,462,467,467,4512
4/22/2014,467,484,464,484,484,3658
4/23/2014,484,484,475,480,480,6040
4/27/2014,480,495,479,486,486,19082
4/28/2014,486,485,477,482,482,17521
4/29/2014,482,485,465,465,465,17504
4/30/2014,465,490,460,484,484,38545
5/4/2014,484,485,485,485,485,146
5/6/2014,485,480,458,480,480,5111
5/7/2014,480,485,465,465,465,3621
5/8/2014,465,465,451,462,462,3062
5/11/2014,462,462,446,451,451,2232
5/12/2014,451,453,442,447,447,6393
5/13/2014,447,460,440,452,452,3367
5/15/2014,452,453,446,450,450,1498
5/18/2014,450,449,433,438,438,2406
5/19/2014,438,445,435,441,441,3738
5/20/2014,441,442,436,440,440,1380
5/21/2014,440,442,436,439,439,1436
5/22/2014,439,445,437,441,441,3420
5/25/2014,441,451,440,440,440,1964
5/26/2014,440,448,436,439,439,2068
5/27/2014,439,443,438,442,442,2651
5/28/2014,442,459,441,455,455,3465
6/1/2014,455,454,442,449,449,3419
6/2/2014,449,460,441,460,460,5675
6/3/2014,460,483,455,465,465,3237
6/4/2014,465,456,450,450,450,4933
6/5/2014,450,455,441,451,451,1460
6/8/2014,451,452,442,445,445,4810
6/9/2014,445,447,442,442,442,3135
6/10/2014,442,460,440,451,451,6762
6/11/2014,451,472,442,459,459,7845
6/12/2014,459,468,450,456,456,5318
6/15/2014,456,498,456,498,498,21646
6/16/2014,498,511,485,504,504,17798
6/17/2014,504,511,485,504,504,13316
6/18/2014,504,506,498,500,500,5595
6/19/2014,500,500,495,497,497,4887
6/23/2014,497,499,490,492,492,2822
6/24/2014,492,493,473,486,486,4915
6/25/2014,486,495,481,490,490,5342
6/26/2014,490,495,486,490,490,2294
6/29/2014,490,535,494,535,535,6659
6/30/2014,535,539,510,535,535,17816
7/1/2014,535,536,515,530,530,16496
7/2/2014,530,532,520,526,526,8711
7/3/2014,526,540,511,540,540,10454
7/6/2014,540,550,535,550,550,10936
7/7/2014,550,571,540,571,571,23528
7/8/2014,571,628,575,628,628,75326
7/9/2014,628,690,630,660,660,64933
7/10/2014,660,690,645,677,677,53832
7/13/2014,677,739,677,698,698,41709
7/14/2014,698,725,687,690,690,41992
7/15/2014,690,693,680,690,690,13822
7/16/2014,690,756,682,756,756,15232
7/17/2014,756,742,700,729,729,20796
7/20/2014,729,770,715,726,726,17347
7/21/2014,726,740,700,740,740,23797
7/22/2014,740,729,700,715,715,26067
7/23/2014,715,711,698,710,710,19797
7/24/2014,710,709,694,703,703,18897
7/27/2014,703,700,690,699,699,19175
7/28/2014,699,696,686,695,695,11965
7/30/2014,695,700,670,680,680,18615
7/31/2014,680,685,666,671,671,17974
8/3/2014,671,662,650,659,659,14283
8/4/2014,659,656,641,650,650,16927
8/5/2014,650,670,648,657,657,19507
8/6/2014,657,660,649,650,650,19442
8/7/2014,650,668,635,655,655,27587
8/12/2014,655,649,630,645,645,7449
8/13/2014,645,660,633,660,660,13102
8/14/2014,660,670,647,657,657,15244
8/18/2014,657,644,595,612,612,37244
8/19/2014,612,620,596,610,610,17808
8/20/2014,610,610,588,605,605,19673
8/21/2014,605,609,580,600,600,12597
8/24/2014,600,607,586,600,600,12176
8/25/2014,600,588,548,559,559,13049
8/26/2014,559,590,527,532,532,13423
8/27/2014,532,585,540,559,559,13712
8/28/2014,559,581,555,555,555,9333
8/31/2014,555,555,529,544,544,7186
9/1/2014,544,540,524,540,540,8096
9/3/2014,540,550,531,534,534,6177
9/4/2014,534,528,514,516,516,13269
9/7/2014,516,513,477,477,477,8707
9/9/2014,477,514,480,510,510,6261
9/10/2014,510,550,502,515,515,17200
9/11/2014,515,515,494,510,510,5116
9/14/2014,510,507,495,501,501,11790
9/15/2014,501,500,490,495,495,4559
9/16/2014,495,500,493,500,500,5664
9/17/2014,500,501,491,491,491,2141
9/18/2014,491,493,485,485,485,556
9/21/2014,500,491,472,473,473,4876
9/22/2014,473,478,450,463,463,4694
9/23/2014,463,509,472,509,509,1603
9/24/2014,509,555,509,533,533,27922
9/28/2014,533,535,520,533,533,5441
9/29/2014,533,549,526,549,549,2590
9/30/2014,549,545,522,522,522,4135
10/8/2014,522,520,507,520,520,1950
10/9/2014,520,520,514,515,515,4332
10/12/2014,515,519,494,499,499,3534
10/13/2014,499,501,490,496,496,6363
10/14/2014,496,505,496,500,500,2216
10/15/2014,500,510,500,508,508,3468
10/16/2014,508,515,500,512,512,2026
10/19/2014,512,524,495,524,524,2531
10/20/2014,524,515,504,512,512,1855
10/21/2014,512,517,506,506,506,1623
10/22/2014,506,514,495,505,505,2166
10/26/2014,505,501,495,501,501,318
10/27/2014,501,508,500,508,508,826
10/28/2014,508,507,496,503,503,3103
10/30/2014,503,502,496,496,496,3239
11/2/2014,496,488,484,487,487,3479
11/3/2014,487,490,476,478,478,2984
11/4/2014,478,480,461,480,480,4283
11/5/2014,480,493,477,490,490,3168
11/6/2014,490,490,481,486,486,4774
11/9/2014,486,482,470,470,470,4361
11/10/2014,470,471,459,469,469,7137
11/11/2014,469,470,443,470,470,2460
11/12/2014,470,477,462,470,470,3095
11/13/2014,470,479,455,463,463,5215
11/16/2014,463,463,455,455,455,2659
11/17/2014,455,453,430,430,430,5025
11/18/2014,430,449,415,448,448,5593
11/19/2014,448,466,440,457,457,1602
11/20/2014,457,460,449,457,457,3097
11/23/2014,457,485,457,480,480,5920
11/24/2014,480,475,461,465,465,1129
11/25/2014,465,465,457,457,457,71
11/30/2014,457,457,441,445,445,1452
12/1/2014,445,448,439,443,443,1733
12/2/2014,443,453,435,453,453,1108
12/3/2014,453,467,447,455,455,2153
12/4/2014,455,469,460,464,464,2277
12/7/2014,464,458,448,452,452,1718
12/8/2014,452,450,443,448,448,1290
12/9/2014,448,450,442,446,446,2366
12/10/2014,446,470,446,470,470,567
12/11/2014,470,479,457,469,469,4644
12/14/2014,469,493,474,490,490,3724
12/15/2014,490,505,481,497,497,4393
12/16/2014,497,494,470,492,492,5232
12/17/2014,492,488,479,485,485,3200
12/18/2014,485,480,465,480,480,2212
12/21/2014,480,475,461,464,464,3044
12/22/2014,464,473,452,473,473,4523
12/23/2014,473,470,447,467,467,2357
12/24/2014,467,470,458,470,470,3183
12/28/2014,470,484,470,484,484,3257
12/29/2014,484,484,466,475,475,2105
12/31/2014,475,490,464,476,476,2969
1/1/2015,476,485,470,479,479,2695
1/4/2015,479,481,474,478,478,1201
1/5/2015,478,487,471,487,487,1739
1/6/2015,487,480,466,475,475,3920
1/7/2015,475,476,467,476,476,3541
1/8/2015,476,480,472,473,473,2511
1/11/2015,473,484,465,484,484,3451
1/12/2015,484,479,468,473,473,3521
1/13/2015,473,475,466,475,475,1012
1/14/2015,475,489,467,484,484,11042
1/18/2015,484,485,473,475,475,5160
1/19/2015,475,499,480,487,487,7796
1/20/2015,487,489,474,478,478,10113
1/22/2015,478,477,470,473,473,1265
1/25/2015,473,483,466,475,475,2889
1/26/2015,475,484,470,481,481,5767
1/27/2015,481,510,478,503,503,13660
1/28/2015,503,513,498,509,509,15503
1/29/2015,509,512,495,500,500,10005
2/1/2015,500,496,491,493,493,4653
2/2/2015,493,494,485,487,487,3667
2/3/2015,487,490,472,483,483,2126
2/4/2015,483,485,475,480,480,1946
2/5/2015,480,489,471,473,473,2868
2/8/2015,473,476,471,475,475,2025
2/9/2015,475,484,470,479,479,6337
2/10/2015,479,475,463,475,475,3543
2/11/2015,475,480,470,476,476,3776
2/12/2015,476,485,475,482,482,5980
2/15/2015,482,482,476,477,477,1086
2/16/2015,477,479,472,479,479,4307
2/19/2015,479,479,472,474,474,2807
2/22/2015,474,472,464,464,464,3088
2/23/2015,464,465,456,464,464,3374
2/24/2015,464,465,460,465,465,3018
2/25/2015,465,471,459,470,470,2152
2/26/2015,470,470,460,470,470,1994
3/1/2015,475,480,470,480,480,1184
3/2/2015,480,495,475,480,480,1111
3/3/2015,480,484,471,483,483,1590
3/4/2015,483,492,476,478,478,2209
3/9/2015,478,504,485,497,497,8858
3/10/2015,497,490,472,481,481,1061
3/11/2015,481,485,477,477,477,1618
3/12/2015,477,490,470,475,475,1710
3/15/2015,475,480,471,475,475,2644
3/16/2015,475,475,467,471,471,1607
3/17/2015,471,473,467,471,471,731
3/18/2015,471,472,466,472,472,1901
3/19/2015,472,480,470,480,480,1882
3/22/2015,480,476,464,467,467,6630
3/23/2015,467,470,463,469,469,4993
3/24/2015,469,469,464,467,467,1251
3/25/2015,467,470,459,470,470,797
3/26/2015,470,476,463,476,476,966
3/29/2015,476,470,469,469,469,531
3/30/2015,469,469,451,459,459,3598
3/31/2015,459,465,458,461,461,1282
4/1/2015,461,464,454,464,464,2590
4/2/2015,464,465,455,465,465,3444
4/5/2015,465,471,452,455,455,1330
4/6/2015,455,460,446,450,450,3678
4/7/2015,450,451,446,450,450,2372
4/8/2015,450,464,449,458,458,2164
4/9/2015,458,471,451,471,471,7084
4/12/2015,471,482,468,479,479,4345
4/13/2015,479,472,461,472,472,4158
4/15/2015,472,475,455,474,474,13284
4/16/2015,474,468,455,468,468,8979
4/19/2015,437,437,429,436,436,820
4/20/2015,436,439,434,436,436,1363
4/21/2015,436,439,431,439,439,1312
4/23/2015,440,434,430,432,432,1563
5/24/2015,432,424,392,392,392,90
5/25/2015,392,385,360,365,365,844
5/26/2015,365,397,370,397,397,1215
5/27/2015,397,390,376,376,376,230
5/28/2015,376,393,380,390,390,2330
5/31/2015,390,402,392,397,397,1141
6/1/2015,397,404,390,400,400,2353
6/2/2015,400,402,400,400,400,181
6/3/2015,400,432,402,432,432,1581
6/4/2015,432,440,420,420,420,2566
6/8/2015,430,438,425,430,430,1959
6/9/2015,430,463,438,448,448,3888
6/10/2015,448,440,432,438,438,880
6/11/2015,438,432,422,425,425,2209
6/14/2015,425,420,413,413,413,2431
6/15/2015,413,427,407,421,421,1505
6/16/2015,421,426,418,426,426,1298
6/17/2015,426,426,418,423,423,1700
6/18/2015,423,422,412,416,416,873
6/21/2015,416,416,413,415,415,1001
6/22/2015,410,420,410,415,415,1380
6/23/2015,415,423,415,420,420,7897
6/24/2015,420,425,414,414,414,1269
6/25/2015,417,420,417,419,419,833
6/28/2015,419,420,415,420,420,2180
6/29/2015,420,420,406,420,420,8930
6/30/2015,412,415,406,415,415,6613
7/1/2015,408,410,408,410,410,572
7/2/2015,404,408,403,405,405,4059
7/5/2015,408,419,408,417,417,1564
7/6/2015,417,417,403,404,404,330
7/7/2015,404,410,404,405,405,6448
7/8/2015,409,409,406,408,408,2073
7/9/2015,416,416,410,410,410,401
7/12/2015,409,412,405,411,411,5083
7/13/2015,410,410,409,409,409,1242
7/14/2015,406,414,406,410,410,3414
7/15/2015,410,418,408,415,415,2601
7/16/2015,415,432,416,432,432,391
7/22/2015,426,442,421,440,440,7356
7/23/2015,440,465,435,465,465,7731
7/26/2015,465,511,474,511,511,140
7/27/2015,511,521,476,498,498,8007
7/28/2015,498,489,480,480,480,682
7/29/2015,480,471,467,467,467,120
7/30/2015,467,465,450,450,450,3973
8/2/2015,450,449,445,446,446,558
8/3/2015,446,458,440,457,457,3667
8/4/2015,457,460,439,441,441,7651
8/5/2015,441,459,437,455,455,6489
8/6/2015,452,465,455,463,463,8242
8/9/2015,463,469,450,469,469,9306
8/10/2015,469,488,470,479,479,8260
8/11/2015,479,470,452,455,455,2244
8/12/2015,446,450,436,445,445,4305
8/13/2015,444,459,438,444,444,8463
8/16/2015,450,456,441,441,441,15570
8/17/2015,449,485,449,485,485,14033
8/18/2015,494,518,494,518,518,17564
8/19/2015,518,528,510,527,527,4816
8/20/2015,538,548,525,525,525,5070
8/23/2015,516,516,505,506,506,8354
8/24/2015,506,509,505,506,506,2386
8/25/2015,504,515,496,515,515,3076
8/26/2015,506,506,505,506,506,1300
8/27/2015,505,505,500,500,500,1382
8/31/2015,496,503,496,500,500,3126
9/1/2015,500,500,493,495,495,6425
9/2/2015,486,486,486,486,486,1000
9/3/2015,478,478,465,465,465,760
9/6/2015,474,485,474,480,480,1710
9/7/2015,489,497,475,495,495,2252
9/8/2015,496,496,488,488,488,651
9/9/2015,480,480,480,480,480,41
9/10/2015,472,489,472,479,479,7097
9/13/2015,480,500,480,500,500,9190
9/14/2015,510,511,492,500,500,4489
9/15/2015,510,505,486,495,495,1356
9/16/2015,490,490,486,487,487,1186
9/17/2015,488,488,475,480,480,5292
9/22/2015,471,471,456,456,456,9991
9/23/2015,465,474,460,465,465,9252
9/24/2015,456,461,456,460,460,956
9/28/2015,451,454,446,450,450,1581
9/29/2015,450,459,450,450,450,2289
9/30/2015,442,468,442,450,450,4851
10/1/2015,455,460,444,459,459,5128
10/4/2015,455,455,443,451,451,2200
10/5/2015,460,460,442,445,445,2871
10/6/2015,445,445,435,440,440,5822
10/7/2015,440,450,440,450,450,511
10/8/2015,450,495,443,495,495,15581
10/11/2015,504,544,504,530,530,93601
10/14/2015,540,540,493,494,494,9865
10/15/2015,485,499,476,499,499,6688
10/18/2015,490,495,487,495,495,8306
10/19/2015,492,500,489,500,500,2033
10/25/2015,490,490,480,481,481,2481
10/27/2015,472,472,465,472,472,3737
10/28/2015,463,472,455,466,466,2955
10/29/2015,470,475,466,470,470,1970
11/1/2015,469,469,450,456,456,4509
11/2/2015,450,470,450,461,461,3088
11/3/2015,455,457,455,457,457,81
11/4/2015,449,470,449,466,466,1462
11/5/2015,463,463,460,460,460,878
11/8/2015,451,462,451,462,462,607
11/9/2015,469,483,469,483,483,4949
11/10/2015,474,485,474,477,477,8443
11/15/2015,471,475,470,475,475,1170
11/16/2015,467,471,467,471,471,250
11/18/2015,475,475,467,470,470,1230
11/19/2015,475,475,460,465,465,1940
11/22/2015,460,460,451,452,452,2625
11/23/2015,450,452,449,452,452,4235
11/24/2015,461,461,451,455,455,1170
11/25/2015,461,461,448,450,450,6331
11/26/2015,446,450,435,447,447,2656
11/29/2015,442,442,420,420,420,9273
11/30/2015,428,450,424,431,431,4935
12/1/2015,431,454,439,454,454,5943
12/2/2015,445,451,445,451,451,3272
12/3/2015,455,459,450,450,450,3472
12/4/2015,459,468,459,465,465,2902
12/7/2015,456,456,454,455,455,860
12/8/2015,447,455,447,451,451,2091
12/9/2015,460,469,460,469,469,1612
12/10/2015,469,469,450,465,465,934
12/13/2015,465,465,456,456,456,1652
12/14/2015,452,453,450,450,450,2818
12/15/2015,446,446,440,445,445,3918
12/16/2015,450,453,448,450,450,7554
12/17/2015,451,468,451,465,465,1388
12/20/2015,465,483,462,481,481,16618
12/21/2015,481,529,481,529,529,47347
12/22/2015,539,559,510,512,512,21836
12/23/2015,512,510,496,496,496,6162
12/24/2015,490,510,490,510,510,11469
12/25/2015,502,505,499,502,502,12349
12/28/2015,502,504,497,499,499,2290
12/29/2015,499,508,496,500,500,7138
12/31/2015,500,513,500,508,508,5772
1/3/2016,500,518,499,518,518,8407
1/4/2016,518,528,502,506,506,6760
1/5/2016,515,515,500,505,505,4135
1/6/2016,495,507,495,500,500,4686
1/7/2016,510,520,505,515,515,7371
1/10/2016,515,520,506,518,518,5622
1/11/2016,520,529,511,525,525,11440
1/12/2016,525,526,521,521,521,4907
1/13/2016,521,531,517,529,529,2677
1/14/2016,530,545,524,545,545,22823
1/17/2016,555,591,541,570,570,65709
1/18/2016,564,608,561,580,580,19463
1/19/2016,571,576,547,568,568,15212
1/20/2016,579,615,579,593,593,53666
1/21/2016,593,600,577,583,583,23814
1/24/2016,583,599,589,599,599,34629
1/25/2016,605,615,594,595,595,7231
1/26/2016,595,601,593,595,595,16386
1/27/2016,595,590,580,585,585,4958
1/28/2016,580,585,576,582,582,6324
1/31/2016,590,590,571,574,574,5068
2/1/2016,574,588,572,584,584,12969
2/2/2016,585,595,580,580,580,7156
2/3/2016,580,580,572,574,574,4671
2/4/2016,580,589,573,589,589,11203
2/7/2016,589,604,585,595,595,12440
2/8/2016,595,594,584,590,590,10270
2/11/2016,590,590,580,580,580,4680
2/14/2016,569,579,561,570,570,7802
2/15/2016,570,590,555,590,590,10726
2/16/2016,590,600,571,576,576,4767
2/17/2016,576,590,560,590,590,14601
2/18/2016,590,596,588,588,588,20751
2/21/2016,598,598,585,590,590,21553
2/22/2016,585,595,585,590,590,6229
2/23/2016,590,609,585,605,605,16364
2/24/2016,600,603,590,595,595,4249
2/25/2016,585,605,581,585,585,5816
2/28/2016,585,595,587,590,590,10168
2/29/2016,590,590,586,589,589,4735
3/1/2016,590,590,583,585,585,4675
3/2/2016,585,609,580,599,599,3609
3/3/2016,590,620,590,617,617,31519
3/6/2016,610,635,610,630,630,22567
3/10/2016,640,693,640,693,693,69293
3/13/2016,706,734,700,707,707,133833
3/14/2016,715,715,665,672,672,31398
3/15/2016,666,674,655,665,665,14526
3/16/2016,662,679,655,673,673,9375
3/17/2016,670,672,665,666,666,14604
3/20/2016,664,671,656,660,660,16552
3/21/2016,663,666,648,648,648,24495
3/23/2016,650,664,648,653,653,8568
3/24/2016,653,678,651,655,655,11367
3/27/2016,655,673,650,673,673,25338
3/28/2016,673,685,658,671,671,16225
3/29/2016,671,673,657,669,669,7922
3/30/2016,669,680,661,665,665,8799
3/31/2016,665,663,655,658,658,7572
4/3/2016,658,690,652,670,670,15676
4/4/2016,670,680,670,680,680,12643
4/5/2016,670,685,670,684,684,22777
4/6/2016,684,689,677,680,680,17535
4/10/2016,680,685,670,671,671,35135
4/11/2016,583,584,572,576,576,2445
4/12/2016,576,565,560,560,560,1071
4/14/2016,560,591,560,591,591,3092
4/17/2016,602,602,582,595,595,7426
4/18/2016,595,612,570,612,612,12148
4/19/2016,612,605,590,599,599,2370
4/20/2016,599,607,596,605,605,12246
4/21/2016,605,630,595,630,630,26726
4/24/2016,630,649,622,640,640,11906
4/25/2016,640,663,641,655,655,11479
4/26/2016,655,651,638,638,638,6470
4/27/2016,638,655,632,647,647,10197
4/28/2016,647,651,638,638,638,7618
5/2/2016,638,645,627,640,640,18127
5/3/2016,640,644,635,640,640,7259
5/4/2016,640,639,629,632,632,5406
5/5/2016,632,632,610,632,632,6608
5/8/2016,632,644,617,634,634,5668
5/9/2016,640,663,640,649,649,20133
5/10/2016,659,659,637,642,642,3444
5/11/2016,642,655,640,655,655,11538
5/12/2016,655,667,655,656,656,3940
5/15/2016,661,667,654,666,666,4754
5/16/2016,666,663,653,663,663,4406
5/17/2016,665,680,662,680,680,16189
5/18/2016,680,693,680,683,683,7927
5/19/2016,683,694,675,684,684,14300
5/22/2016,684,686,670,680,680,2404
5/23/2016,680,690,677,685,685,14290
5/24/2016,685,695,685,690,690,7665
5/25/2016,690,692,671,682,682,13438
5/26/2016,682,689,657,679,679,5751
5/29/2016,679,679,660,679,679,10097
5/30/2016,679,679,665,666,666,6432
5/31/2016,666,667,653,659,659,7732
6/1/2016,659,665,648,656,656,10461
6/2/2016,656,682,656,668,668,14888
6/5/2016,668,674,650,668,668,8658
6/6/2016,668,670,647,670,670,4113
6/7/2016,669,680,661,677,677,9201
6/8/2016,677,689,676,677,677,11892
6/9/2016,680,694,677,677,677,7948
6/12/2016,677,689,668,675,675,4476
6/13/2016,675,710,680,700,700,40671
6/14/2016,714,725,710,720,720,35182
6/15/2016,720,723,712,720,720,11057
6/16/2016,720,722,697,713,713,14568
6/19/2016,713,714,693,705,705,18341
6/20/2016,705,710,697,700,700,10740
6/21/2016,700,720,700,703,703,9949
6/22/2016,715,728,706,720,720,11454
6/23/2016,720,720,696,702,702,6052
6/26/2016,702,712,703,710,710,7223
6/27/2016,710,739,713,739,739,22093
6/28/2016,739,735,721,735,735,12542
6/29/2016,735,732,724,727,727,10899
6/30/2016,727,729,716,722,722,19936
7/3/2016,722,720,713,719,719,11526
7/4/2016,719,730,710,730,730,5677
7/5/2016,724,750,713,745,745,20430
7/6/2016,743,775,743,761,761,24816
7/10/2016,761,765,740,761,761,4691
7/11/2016,761,789,761,777,777,27375
7/12/2016,777,784,720,766,766,8705
7/13/2016,766,768,740,760,760,10620
7/14/2016,755,775,755,768,768,11763
7/17/2016,768,844,765,844,844,46553
7/18/2016,844,865,814,833,833,28713
7/19/2016,830,899,830,888,888,53355
7/20/2016,900,976,900,976,976,73449
7/21/2016,976,1010,954,984,984,43680
7/25/2016,984,1065,985,1065,1065,63729
7/26/2016,1065,1113,1045,1082,1082,37909
7/27/2016,1082,1099,1035,1081,1081,40667
7/28/2016,1081,1069,1029,1060,1060,33191
7/31/2016,1060,1068,1020,1038,1038,28865
8/1/2016,1038,1050,995,1030,1030,33867
8/2/2016,1030,1015,1000,1000,1000,58079
8/3/2016,1000,1019,982,1002,1002,23444
8/4/2016,1002,995,955,970,970,30904
8/7/2016,970,1006,970,972,972,25130
8/8/2016,972,965,901,905,905,16460
8/9/2016,923,995,923,995,995,3567
8/10/2016,1010,1020,936,1000,1000,50652
8/11/2016,1005,1020,992,1020,1020,33089
8/14/2016,1001,1001,955,970,970,20056
8/15/2016,987,1006,946,970,970,27993
8/16/2016,970,1001,970,986,986,30158
8/17/2016,972,1010,972,1000,1000,16569
8/21/2016,985,1013,985,995,995,8813
8/22/2016,1000,1000,962,964,964,6697
8/23/2016,960,983,948,970,970,12823
8/24/2016,984,984,951,970,970,7338
8/28/2016,980,980,958,965,965,5090
8/29/2016,971,995,965,983,983,14088
8/30/2016,1000,1002,983,999,999,16862
8/31/2016,985,1005,985,999,999,19708
9/1/2016,990,1010,990,998,998,15887
9/4/2016,991,1029,989,1020,1020,13611
9/5/2016,1020,1056,1020,1043,1043,34803
9/6/2016,1040,1055,1011,1028,1028,25608
9/7/2016,1035,1065,1011,1065,1065,62511
9/8/2016,1051,1058,1040,1054,1054,15717
9/11/2016,1055,1075,1042,1050,1050,29449
9/12/2016,1050,1060,1048,1050,1050,29095
9/14/2016,1055,1059,1046,1050,1050,11695
9/18/2016,1045,1052,1035,1040,1040,11307
9/20/2016,1071,1071,1040,1044,1044,42584
9/21/2016,1037,1045,1020,1025,1025,24012
9/22/2016,1032,1032,997,1019,1019,31362
9/25/2016,1032,1032,997,1019,1019,31362
9/26/2016,697,690,659,675,675,10691
9/27/2016,677,684,672,672,672,4456
9/28/2016,672,677,670,672,672,1414
9/29/2016,660,670,660,670,670,3261
10/2/2016,683,684,670,680,680,4644
10/3/2016,680,690,670,672,672,2351
10/4/2016,670,680,667,668,668,7550
10/5/2016,680,680,667,680,680,1002
10/6/2016,685,690,670,683,683,2238
10/16/2016,683,703,679,683,683,1795
10/17/2016,683,683,660,669,669,3931
10/18/2016,661,675,661,670,670,1206
10/19/2016,668,670,660,665,665,3950
10/20/2016,677,677,661,669,669,2944
10/23/2016,660,665,655,655,655,6226
10/24/2016,660,661,649,653,653,7673
10/25/2016,650,650,640,645,645,3856
10/26/2016,650,650,640,642,642,4364
10/27/2016,630,645,630,638,638,2964
11/3/2016,630,650,626,645,645,906
11/7/2016,646,646,615,625,625,1784
11/8/2016,630,630,605,610,610,5340
11/9/2016,613,613,594,600,600,5406
11/10/2016,605,607,596,600,600,4874
11/13/2016,610,610,598,600,600,7038
11/14/2016,609,609,595,600,600,6752
11/15/2016,610,612,590,597,597,7995
11/16/2016,595,600,588,595,595,4803
11/17/2016,595,595,580,580,580,5087
11/20/2016,571,571,530,556,556,6046
11/21/2016,562,565,541,555,555,6653
11/22/2016,560,560,538,550,550,6174
11/23/2016,540,540,520,525,525,9827
11/24/2016,535,540,523,527,527,10536
11/27/2016,522,528,500,502,502,14556
11/28/2016,495,535,480,525,525,20030
11/29/2016,515,560,505,555,555,6827
11/30/2016,560,589,550,576,576,17082
12/1/2016,580,590,556,575,575,12639
12/4/2016,571,571,558,558,558,3739
12/5/2016,556,558,530,545,545,3418
12/6/2016,554,555,540,550,550,3030
12/7/2016,554,553,543,550,550,1850
12/8/2016,546,550,540,540,540,4444
12/11/2016,540,541,529,530,530,3290
12/12/2016,530,530,515,525,525,1484
12/14/2016,535,535,525,530,530,5246
12/15/2016,535,542,530,542,542,4365
12/18/2016,540,540,525,540,540,6847
12/19/2016,535,535,520,520,520,6963
12/20/2016,520,530,505,520,520,9974
12/21/2016,511,525,500,511,511,6654
12/22/2016,510,513,506,513,513,8026
12/26/2016,503,510,497,497,497,7763
12/27/2016,488,506,483,495,495,10568
12/28/2016,500,505,495,498,498,5725
12/29/2016,502,526,502,526,526,19494
1/1/2017,535,555,535,545,545,18373
1/2/2017,550,560,545,546,546,19457
1/3/2017,550,550,530,530,530,8202
1/4/2017,535,535,510,530,530,6130
1/5/2017,520,533,520,528,528,8287
1/8/2017,525,529,520,524,524,5593
1/9/2017,525,540,521,540,540,5545
1/10/2017,540,550,540,540,540,4148
1/11/2017,550,550,540,540,540,8359
1/12/2017,540,546,531,542,542,5428
1/15/2017,535,542,530,534,534,2339
1/16/2017,534,536,527,530,530,2058
1/17/2017,527,529,523,523,523,3270
1/18/2017,528,530,520,520,520,3386
1/19/2017,525,529,521,528,528,1913
1/22/2017,531,531,526,526,526,2773
1/23/2017,524,524,520,520,520,2679
1/24/2017,530,530,500,508,508,7839
1/25/2017,505,505,480,490,490,25727
1/26/2017,490,490,455,460,460,33136
1/30/2017,451,465,442,442,442,12799
1/31/2017,435,464,435,458,458,11409
2/1/2017,466,485,465,483,483,9886
2/2/2017,492,500,480,483,483,15620
2/5/2017,492,492,470,470,470,3121
2/6/2017,465,468,455,455,455,5122
2/7/2017,456,463,451,455,455,4245
2/8/2017,457,460,448,450,450,9700
2/9/2017,443,453,440,445,445,12428
2/12/2017,453,453,416,429,429,11551
2/13/2017,422,443,413,440,440,11039
2/14/2017,447,447,424,437,437,13085
2/15/2017,445,456,442,453,453,12899
2/16/2017,455,460,450,453,453,15709
2/19/2017,452,452,441,445,445,23260
2/20/2017,453,455,440,440,440,17150
2/21/2017,448,465,437,439,439,18863
2/22/2017,442,442,430,434,434,22813
2/23/2017,429,442,427,440,440,14367
2/26/2017,445,445,430,434,434,6391
2/28/2017,426,426,417,421,421,16732
3/1/2017,421,430,421,430,430,5008
3/2/2017,435,435,425,435,435,5828
3/5/2017,432,448,432,443,443,12347
3/6/2017,448,456,446,449,449,9615
3/7/2017,442,443,439,440,440,5596
3/9/2017,444,452,444,445,445,3547
3/13/2017,445,450,440,440,440,5870
3/14/2017,447,450,440,441,441,9273
3/15/2017,449,449,443,448,448,3091
3/16/2017,452,452,441,445,445,9046
3/19/2017,445,454,445,451,451,10196
3/20/2017,455,465,455,461,461,16216
3/21/2017,462,484,460,484,484,26819
3/22/2017,493,515,485,490,490,45578
3/23/2017,501,514,493,511,511,42052
3/26/2017,513,562,512,562,562,86224
3/28/2017,562,606,573,595,595,63335
3/29/2017,595,615,550,565,565,122754
3/30/2017,565,577,555,574,574,151987
4/3/2017,478,525,487,504,504,86048
4/4/2017,504,508,480,495,495,38622
4/6/2017,495,495,474,482,482,42085
4/9/2017,484,485,470,472,472,26361
4/10/2017,473,485,467,471,471,24705
4/11/2017,470,494,470,489,489,29427
4/12/2017,492,500,480,480,480,43976
4/13/2017,475,482,468,472,472,25576
4/16/2017,474,481,457,460,460,14433
4/18/2017,452,460,443,450,450,26897
4/19/2017,450,469,453,463,463,15551
4/20/2017,464,483,463,465,465,32994
4/23/2017,474,511,474,476,476,42569
4/24/2017,472,474,466,469,469,23133
4/25/2017,465,472,464,469,469,17195
4/26/2017,470,472,465,467,467,9098
4/27/2017,463,475,463,466,466,15743
4/30/2017,460,470,454,459,459,18728
5/2/2017,455,468,445,460,460,22562
5/3/2017,470,478,457,461,461,13689
5/4/2017,461,478,454,460,460,10579
5/7/2017,461,464,453,454,454,5619
5/8/2017,446,465,446,460,460,16791
5/9/2017,460,461,452,457,457,21081
5/11/2017,465,466,461,464,464,12423
5/15/2017,470,471,460,465,465,10542
5/16/2017,461,465,455,456,456,7225
5/17/2017,455,460,454,455,455,4811
5/18/2017,455,458,450,451,451,6117
5/21/2017,460,460,444,450,450,10460
5/22/2017,441,450,441,447,447,3174
5/23/2017,445,455,443,450,450,6912
5/24/2017,450,456,448,455,455,11662
5/28/2017,454,455,445,451,451,9086
5/30/2017,450,450,441,444,444,7182
5/31/2017,444,455,439,450,450,8727
6/1/2017,455,459,444,446,446,14518
6/4/2017,450,450,440,445,445,10779
6/5/2017,446,450,443,443,443,12176
6/6/2017,450,458,448,454,454,10899
6/7/2017,463,463,450,453,453,14334
6/8/2017,444,452,444,449,449,6842
6/11/2017,442,448,440,443,443,7886
6/12/2017,445,446,434,445,445,9184
6/13/2017,438,444,435,435,435,13963
6/14/2017,435,440,434,435,435,8869
6/15/2017,436,442,432,440,440,15064
6/18/2017,440,440,428,431,431,19261
6/19/2017,431,431,417,427,427,21359
6/20/2017,429,429,415,423,423,12740
6/21/2017,417,425,417,422,422,6334
6/22/2017,422,429,420,421,421,16465
6/25/2017,425,426,419,423,423,10516
6/27/2017,424,425,420,423,423,11352
6/28/2017,415,428,415,428,428,10162
7/2/2017,428,430,419,428,428,14946
7/3/2017,420,430,420,423,423,7794
7/4/2017,423,426,419,420,420,13712
7/5/2017,422,425,419,425,425,11348
7/6/2017,430,437,425,430,430,18660
7/9/2017,437,446,430,441,441,20091
7/10/2017,440,440,430,433,433,12785
7/11/2017,433,440,430,435,435,9864
7/12/2017,435,440,432,433,433,8794
7/13/2017,436,437,430,431,431,12875
7/16/2017,432,435,430,433,433,4465
7/17/2017,433,448,433,447,447,16129
7/18/2017,449,472,449,472,472,27796
7/19/2017,470,470,460,460,460,21239
7/20/2017,460,465,454,463,463,10954
7/23/2017,465,465,455,459,459,16709
7/24/2017,460,460,454,455,455,13393
7/25/2017,455,461,454,458,458,16138
7/26/2017,449,460,448,450,450,22953
7/27/2017,450,460,450,460,460,11335
7/30/2017,454,461,445,451,451,9537
7/31/2017,450,459,450,454,454,12315
8/1/2017,451,469,450,454,454,9280
8/2/2017,455,456,453,454,454,12168
8/3/2017,454,459,450,453,453,14097
8/6/2017,450,456,450,454,454,18930
8/7/2017,463,463,452,453,453,11926
8/9/2017,444,460,444,450,450,17516
8/10/2017,450,454,443,448,448,21245
8/13/2017,445,449,440,445,445,14415
8/15/2017,445,446,441,441,441,15104
8/16/2017,442,448,442,444,444,11304
8/17/2017,449,449,438,443,443,23326
8/20/2017,435,444,435,440,440,16054
8/21/2017,440,442,432,438,438,5674
8/22/2017,436,442,436,441,441,12396
8/23/2017,440,442,438,441,441,7718
8/24/2017,441,453,434,443,443,11438
8/27/2017,443,451,443,446,446,3889
8/28/2017,444,452,444,446,446,7897
8/30/2017,440,443,435,438,438,14820
8/31/2017,438,438,432,437,437,15528
9/4/2017,437,439,426,430,430,33009
9/6/2017,430,440,425,438,438,11603
9/7/2017,435,438,426,428,428,34082
9/10/2017,425,431,423,426,426,37704
9/11/2017,425,430,420,424,424,17950
9/12/2017,423,426,420,421,421,27903
9/13/2017,420,423,418,420,420,32249
9/14/2017,420,447,419,447,447,42524
9/17/2017,448,459,438,447,447,49764
9/18/2017,450,452,443,443,443,33400
9/20/2017,441,443,435,440,440,10450
9/24/2017,440,443,439,441,441,3718
9/25/2017,441,448,440,448,448,2882
9/26/2017,446,449,443,445,445,5132
10/3/2017,446,453,446,453,453,3164
10/4/2017,450,450,437,440,440,6475
10/8/2017,432,432,420,431,431,15759
10/9/2017,433,433,425,429,429,17649
10/10/2017,427,438,423,427,427,19003
10/11/2017,427,431,425,428,428,11993
10/12/2017,428,435,428,430,430,4974
10/15/2017,432,433,427,433,433,5553
10/16/2017,435,451,434,442,442,18696
10/17/2017,440,450,436,449,449,12124
10/18/2017,446,450,438,444,444,12688
10/22/2017,436,458,436,450,450,11183
10/23/2017,450,455,445,449,449,12644
10/24/2017,449,452,445,448,448,9549
10/25/2017,444,451,444,449,449,17137
10/29/2017,441,447,440,442,442,7203
10/30/2017,441,443,437,437,437,13723
10/31/2017,433,440,433,437,437,8889
11/1/2017,429,437,429,434,434,6291
11/2/2017,434,442,430,440,440,8331
11/5/2017,440,440,424,430,430,16936
11/6/2017,430,430,420,429,429,29796
11/7/2017,436,436,420,422,422,26141
11/8/2017,414,422,414,416,416,17305
11/9/2017,416,427,412,415,415,9434
11/12/2017,415,425,415,423,423,9098
11/13/2017,426,428,420,428,428,14684
11/14/2017,430,434,424,432,432,14580
11/15/2017,430,432,426,428,428,3596
11/16/2017,435,435,420,420,420,13740
11/19/2017,420,422,412,420,420,13373
11/20/2017,418,422,418,421,421,4579
11/21/2017,421,425,421,423,423,4762
11/22/2017,423,429,421,425,425,5998
11/23/2017,425,430,425,425,425,7260
11/26/2017,425,441,425,432,432,10953
11/27/2017,435,435,430,430,430,6918
11/28/2017,430,432,425,431,431,12551
11/29/2017,430,439,430,436,436,19013
11/30/2017,436,438,431,437,437,10518
12/4/2017,437,437,430,435,435,10306
12/5/2017,442,442,430,431,431,6588
12/6/2017,426,437,426,435,435,9725
12/10/2017,443,451,428,430,430,11646
12/11/2017,429,433,424,431,431,12873
12/12/2017,431,431,426,427,427,15642
12/13/2017,425,431,421,428,428,4262
12/14/2017,433,433,425,425,425,3701
12/17/2017,430,430,423,423,423,6121
12/18/2017,422,426,422,425,425,4333
12/19/2017,424,426,421,424,424,8052
12/20/2017,421,426,419,423,423,3192
12/21/2017,417,423,417,420,420,7557
12/24/2017,420,428,420,421,421,7917
12/26/2017,426,426,411,420,420,7244
12/27/2017,413,418,408,415,415,11368
12/28/2017,408,417,400,410,410,9917
12/31/2017,409,409,400,402,402,27546
1/1/2018,410,414,405,414,414,6665
1/2/2018,422,430,416,425,425,55870
1/3/2018,419,428,419,422,422,15373
1/4/2018,420,421,416,421,421,5788
1/7/2018,418,429,416,423,423,18051
1/8/2018,424,430,420,425,425,8389
1/9/2018,425,427,422,425,425,7302
1/10/2018,421,427,421,418,418,7277
1/14/2018,427,427,417,420,420,10523
1/16/2018,421,421,415,417,417,4270
1/17/2018,412,417,409,413,413,6401
1/21/2018,415,420,413,419,419,21733
1/22/2018,420,422,418,420,420,18056
1/23/2018,421,421,415,416,416,15725
1/24/2018,412,420,412,419,419,14131
1/25/2018,418,420,417,420,420,13110
1/28/2018,420,423,415,416,416,49337
1/29/2018,346,347,340,341,341,8266
1/31/2018,344,344,340,344,344,4790
2/1/2018,344,345,343,344,344,6191
2/4/2018,345,350,342,350,350,8959
2/5/2018,350,350,342,342,342,8109
2/6/2018,344,347,340,347,347,5214
2/7/2018,345,346,341,342,342,5012
2/8/2018,336,345,336,342,342,3523
2/11/2018,342,343,341,342,342,1760
2/12/2018,342,342,340,340,340,3785
2/14/2018,342,342,335,340,340,4167
2/15/2018,341,350,341,350,350,7548
2/18/2018,350,359,348,350,350,11904
2/20/2018,350,351,340,343,343,6728
2/21/2018,341,341,339,340,340,2461
2/22/2018,341,342,338,340,340,4099
2/25/2018,342,342,335,338,338,3932
2/26/2018,337,337,335,335,335,4951
2/27/2018,334,342,332,338,338,4409
2/28/2018,338,339,334,334,334,13018
3/4/2018,328,330,325,328,328,16726
3/6/2018,320,328,320,327,327,5748
3/7/2018,327,333,327,330,330,6817
3/11/2018,330,331,326,326,326,6491
3/12/2018,326,331,326,328,328,10231
3/13/2018,328,333,327,333,333,8561
3/14/2018,330,335,328,335,335,8410
3/15/2018,330,337,330,335,335,10440
3/18/2018,339,339,333,334,334,5791
3/19/2018,335,335,325,325,325,5937
3/20/2018,321,327,321,323,323,2133
3/21/2018,317,321,314,316,316,11081
3/22/2018,319,320,310,316,316,6600
3/26/2018,310,313,299,300,300,10390
3/27/2018,306,326,283,316,316,16469
3/28/2018,316,317,307,311,311,12154
3/29/2018,311,320,311,318,318,8252
4/1/2018,320,320,308,314,314,6979
4/2/2018,314,318,310,314,314,6267
4/3/2018,310,318,310,315,315,3431
4/4/2018,316,326,315,325,325,12813
4/5/2018,330,335,321,331,331,22167
4/8/2018,333,348,331,340,340,17000
4/9/2018,341,346,334,335,335,13810
4/10/2018,330,337,325,334,334,6099
4/11/2018,332,335,328,335,335,5135
4/12/2018,336,340,332,337,337,9067
4/15/2018,337,340,326,340,340,7648
4/16/2018,340,341,335,338,338,5765
4/17/2018,338,343,336,337,337,17345
4/18/2018,340,354,337,345,345,17497
4/19/2018,351,353,347,351,351,24467
4/22/2018,351,370,352,369,369,36790
4/23/2018,376,382,360,360,360,39505
4/24/2018,355,365,345,359,359,16417
4/25/2018,360,360,351,352,352,10118
4/26/2018,353,354,345,348,348,10047
4/29/2018,342,348,337,344,344,10608
5/2/2018,344,342,338,341,341,5447
5/3/2018,343,352,343,346,346,9858
5/6/2018,346,346,343,344,344,9671
5/7/2018,340,345,339,343,343,6251
5/8/2018,343,343,340,343,343,5181
5/9/2018,343,347,344,344,344,6849
5/10/2018,344,346,337,343,343,11575
5/14/2018,339,344,338,341,341,4201
5/15/2018,341,342,337,339,339,2916
5/16/2018,338,344,337,341,341,3039
5/17/2018,342,343,339,339,339,6983
5/20/2018,342,344,338,340,340,9261
5/21/2018,335,340,335,340,340,10925
5/22/2018,335,340,335,337,337,6973
5/23/2018,340,340,334,334,334,8116
5/24/2018,334,338,335,335,335,5963
5/27/2018,335,335,330,332,332,6118
5/28/2018,332,347,328,340,340,5764
5/29/2018,340,342,334,337,337,9698
5/30/2018,337,340,335,339,339,10982
5/31/2018,340,340,337,338,338,8381
6/3/2018,335,336,326,330,330,14980
6/4/2018,326,331,324,329,329,6154
6/6/2018,332,340,332,336,336,3379
6/7/2018,336,336,325,327,327,3481
6/10/2018,327,327,314,317,317,9920
6/11/2018,317,326,316,323,323,5594
6/12/2018,319,323,317,321,321,3235
6/13/2018,320,322,316,318,318,3924
6/14/2018,319,324,319,321,321,3956
6/17/2018,320,320,314,320,320,1083
6/18/2018,320,320,310,314,314,6878
6/19/2018,322,322,316,316,316,3309
6/20/2018,314,314,309,312,312,5309
6/21/2018,310,316,310,310,310,9336
6/24/2018,306,317,306,314,314,3045
6/25/2018,316,316,311,313,313,3561
6/26/2018,311,313,307,311,311,7623
6/27/2018,310,312,308,311,311,1402
6/28/2018,310,312,308,312,312,10595
7/1/2018,311,311,305,305,305,5338
7/2/2018,300,308,299,306,306,4610
7/3/2018,302,308,302,305,305,3991
7/4/2018,305,310,300,309,309,8901
7/5/2018,312,318,311,317,317,2638
7/8/2018,317,321,316,317,317,9349
7/9/2018,316,316,308,310,310,4364
7/10/2018,311,314,310,313,313,47740
7/11/2018,315,317,310,312,312,40507
7/12/2018,313,315,310,310,310,12730
7/15/2018,309,314,309,311,311,2890
7/16/2018,311,315,311,314,314,32979
7/17/2018,316,317,315,315,315,1983
7/18/2018,315,317,313,317,317,3133
7/19/2018,316,317,311,315,315,6170
7/22/2018,314,316,313,314,314,8337
7/23/2018,314,317,313,313,313,3905
7/24/2018,313,318,313,313,313,7297
7/25/2018,315,315,311,314,314,6281
7/26/2018,314,315,313,315,315,5608
7/29/2018,318,319,315,318,318,9058
7/30/2018,316,319,315,319,319,5984
7/31/2018,319,321,318,321,321,7541
8/1/2018,319,323,319,322,322,9526
8/2/2018,322,327,321,327,327,5188
8/5/2018,327,328,325,328,328,3712
8/6/2018,328,328,325,326,326,9520
8/7/2018,325,326,324,326,326,4342
8/8/2018,325,327,322,325,325,1567
8/9/2018,322,325,319,323,323,5748
8/12/2018,322,322,313,318,318,3439
8/13/2018,315,319,315,317,317,2778
8/14/2018,317,324,317,322,322,6036
8/15/2018,326,343,326,337,337,37824
8/16/2018,344,345,335,340,340,25581
8/19/2018,344,344,338,338,338,21370
8/20/2018,340,340,332,335,335,14359
8/21/2018,335,335,331,333,333,8787
8/22/2018,335,344,331,344,344,3613
8/23/2018,338,338,333,335,335,7504
8/26/2018,335,337,330,333,333,3588
8/28/2018,333,335,330,333,333,7354
8/29/2018,334,334,330,331,331,6392
8/30/2018,331,335,331,334,334,9985
9/2/2018,333,340,333,339,339,9661
9/3/2018,336,347,336,343,343,15425
9/4/2018,340,347,340,345,345,17187
9/5/2018,341,362,341,356,356,29704
9/6/2018,360,368,350,352,352,33936
9/9/2018,353,353,346,346,346,7740
9/10/2018,346,346,340,342,342,4112
9/11/2018,340,350,340,345,345,4778
9/12/2018,345,355,345,351,351,12667
9/13/2018,352,359,351,352,352,20006
9/16/2018,360,377,356,367,367,53133
9/17/2018,367,370,359,360,360,21307
9/18/2018,358,362,357,359,359,9249
9/20/2018,352,364,352,359,359,9880
9/23/2018,364,364,357,361,361,19281
9/25/2018,361,373,361,370,370,44925
9/26/2018,372,375,364,365,365,18655
9/27/2018,365,370,365,365,365,14911
9/30/2018,362,366,361,361,361,11183
10/1/2018,358,362,352,352,352,21976
10/2/2018,352,358,352,353,353,12983
10/3/2018,352,354,347,347,347,28516
10/4/2018,350,350,345,348,348,15025
10/7/2018,345,348,344,344,344,10164
10/8/2018,344,357,344,349,349,9581
10/9/2018,350,350,347,347,347,9551
10/10/2018,347,348,345,347,347,6502
10/11/2018,349,352,346,350,350,10534
10/14/2018,352,358,350,357,357,12769
10/15/2018,364,364,354,354,354,11617
10/21/2018,361,361,355,355,355,3483
10/22/2018,355,355,352,355,355,3196
10/23/2018,355,358,354,358,358,6474
10/24/2018,355,358,353,358,358,3065
10/25/2018,358,358,355,357,357,5436
10/28/2018,355,355,350,353,353,11851
10/29/2018,350,351,348,350,350,8152
10/30/2018,349,354,348,352,352,11760
10/31/2018,359,355,350,352,352,9391
11/1/2018,350,352,350,352,352,6758
11/4/2018,350,353,348,348,348,15056
11/5/2018,348,352,348,349,349,10438
11/14/2018,349,352,349,350,350,1763
11/15/2018,350,351,348,349,349,5701
11/18/2018,349,349,343,345,345,6006
11/19/2018,345,347,344,346,346,5455
11/20/2018,346,349,342,347,347,2001
11/21/2018,347,353,342,343,343,6780
11/22/2018,343,345,340,344,344,6445
11/25/2018,344,345,341,341,341,8678
11/26/2018,341.05,341.05,335,339,339,5374
11/27/2018,339,346,338,340,340,5914
11/28/2018,340,340,339,340,340,2677
11/29/2018,340,340,336,338,338,6964
12/2/2018,338,338,329,333,333,9756
12/3/2018,333,335,329,330,330,9202
12/4/2018,330,335,326,334,334,2973
12/6/2018,329,331,320,327,327,8394
12/9/2018,327,335,327,335,335,2982
12/10/2018,335,340,330,335,335,5830
12/11/2018,335,339,333,336,336,3705
12/12/2018,336,341,336,337,337,990
12/13/2018,337,345,335,338,338,5226
12/16/2018,338,344,338,344,344,18570
12/17/2018,344,355,340,355,355,5225
12/18/2018,355,355,343,344,344,10127
12/19/2018,344,345,342,343,343,3717
12/20/2018,343,351,343,349,349,14032
12/23/2018,349,362,349,357,357,16974
12/24/2018,357,362,352,357,357,14350
12/25/2018,357,357,351,353,353,8383
12/26/2018,353,362,352,362,362,22157
12/27/2018,362,365,358,359,359,36773
12/30/2018,359,359,351,351,351,11317
12/31/2018,351,352,347,348,348,16215
1/1/2019,348,350,344,346,346,22211
1/2/2019,346,347,345,345,345,7467
1/3/2019,345,348,340,345,345,7294
1/6/2019,345,352,344,344,344,9776
1/8/2019,346,349,346,349,349,8069
1/9/2019,349,351,348,349,349,8426
1/10/2019,348,354,348,350,350,4955
1/13/2019,357,357,346,349,349,22250
1/14/2019,349,351,348,350,350,20430
1/15/2019,350,350,348,350,350,7663
1/16/2019,350,351,348,350,350,9525
1/17/2019,350,350,345,345,345,3486
1/20/2019,345,345,341,345,345,3502
1/21/2019,345,346,340,342,342,6616
1/22/2019,342,343,337,343,343,5188
1/23/2019,343,344,342,343,343,2273
1/24/2019,343,344,342,342,342,16140
1/27/2019,342,342,339,339,339,4235
1/28/2019,339,345,338,342,342,8647
1/29/2019,342,342,340,341,341,2612
1/30/2019,341,341,339,339,339,3892
1/31/2019,339,342,339,339,339,5850
2/3/2019,337,340,337,338,338,12977
2/4/2019,338,340,335,339,339,13265
2/5/2019,340,340,338,338,338,5648
2/6/2019,352,352,335,335,335,6099
2/7/2019,330,337,330,334,334,5500
2/10/2019,335,335,330,332,332,6098
2/11/2019,328,335,328,332,332,5268
2/12/2019,330,333,330,332,332,5722
2/13/2019,330,332,329,329,329,13830
2/14/2019,331,331,327,330,330,13107
2/17/2019,330,336,328,330,330,18875
2/18/2019,328,330,325,329,329,9327
2/19/2019,324,333,324,333,333,3150
2/20/2019,333,333,329,329,329,2685
2/21/2019,329,335,329,333,333,9054
2/24/2019,333,333,329,330,330,6833
2/25/2019,332,333,327,331,331,15959
2/26/2019,331,334,331,332,332,18064
2/27/2019,330,335,330,333,333,27442
3/3/2019,308,314.15,291,294,294,14076
3/5/2019,291,294,291,292,292,5732
3/6/2019,292,293,290,292,292,2085
3/7/2019,292,294,290,294,294,8624
3/9/2019,294,294,292,292,292,2618
3/10/2019,294,294,292,292,292,2618
3/11/2019,298,301,293,298,298,9999
3/12/2019,300,306,298,305,305,16058
3/13/2019,305,306,300,303,303,14926
3/14/2019,301,303,296,302,302,6707
3/17/2019,303,305,300,302,302,8247
3/18/2019,303,304,301,301,301,10211
3/19/2019,301,301,298,298,298,3883
3/21/2019,297,300,296,296,296,3230
3/24/2019,296,299,293,293,293,8327
3/25/2019,294,298,292,294,294,8653
3/26/2019,298,298,293,294,294,10218
3/27/2019,294,299,293,294,294,4409
3/28/2019,298,298,292,294,294,9227
3/31/2019,296,296,293,295,295,11187
4/1/2019,295,297,292,297,297,12690
4/2/2019,299,304,299,302,302,15332
4/3/2019,301,307,301,305,305,15802
4/4/2019,305,305,301,304,304,11579
4/7/2019,301,309,298,309,309,11864
4/8/2019,309,320,310,316,316,21933
4/9/2019,311,318,311,311,311,21533
4/10/2019,312,314,310,312,312,8299
4/11/2019,313,319,313,315,315,22147
4/15/2019,313,318,313,318,318,11551
4/16/2019,313,327,313,326,326,17829
4/17/2019,326,338,326,338,338,24403
4/18/2019,341,350,336,350,350,49470
4/21/2019,350,350,343,348,348,28028
4/22/2019,353,353,336,342,342,19348
4/23/2019,346,346,340,346,346,17832
4/24/2019,342,354,341,354,354,68938
4/25/2019,354,389,354,388,388,145400
4/28/2019,395,410,389,395,395,111393
4/29/2019,395,395,383,389,389,45136
4/30/2019,389,391,382,390,390,27561
5/2/2019,383,387,381,385,385,24698
5/5/2019,385,385,376,379,379,55477
5/6/2019,377,388,374,388,388,40670
5/7/2019,390,390,384,389,389,39057
5/9/2019,394,396,386,388,388,94677
5/12/2019,387,390,384,390,390,17340
5/13/2019,390,391,384,386,386,20540
5/14/2019,388,421,388,416,416,194265
5/15/2019,417,447,416,438,438,133601
5/16/2019,445,445,421,421,421,112016
5/19/2019,425,430,416,422,422,67027
5/20/2019,430,432,416,418,418,59854
5/21/2019,421,422,413,418,418,42776
5/22/2019,420,426,418,424,424,92882
5/23/2019,427,438,426,431,431,97795
5/26/2019,432,434,423,425,425,50429
5/27/2019,419,426,419,422,422,44153
5/28/2019,428,428,420,421,421,13321
5/29/2019,422,426,420,424,424,54281
5/30/2019,437,451,426,428,428,94006
6/2/2019,433,433,420,422,422,29715
6/3/2019,430,430,414,414,414,64123
6/4/2019,415,420,414,416,416,48716
6/6/2019,418,418,413,413,413,25497
6/10/2019,413,416,411,412,412,33018
6/11/2019,412,417,412,416,416,62742
6/12/2019,413,415,411,415,415,17469
6/13/2019,412,415,411,411,411,30086
6/16/2019,411,411,404,404,404,44708
6/17/2019,404,406,402,403,403,42955
6/18/2019,403,405,401,402,402,24044
6/19/2019,402,404,400,404,404,23061
6/20/2019,409,409,403,406,406,11029
6/23/2019,405,407,403,405,405,6869
6/24/2019,403,413,403,411,411,37528
6/25/2019,413,417,411,416,416,25298
6/26/2019,418,418,412,413,413,17369
6/27/2019,413,413,410,413,413,18552
6/30/2019,413,413,406,407,407,11120
7/1/2019,408,408,404,405,405,12593
7/2/2019,404,413,404,410,410,21391
7/3/2019,408,415,407,414,414,24200
7/4/2019,415,415,410,411,411,16330
7/7/2019,408,410,407,408,408,30964
7/8/2019,410,410,405,406,406,29244
7/9/2019,410,407,401,405,405,9165
7/10/2019,405,407,402,407,407,26313
7/11/2019,407,410,405,405,405,19978
7/14/2019,406,411,405,406,406,10033
7/15/2019,406,408,405,406,406,9018
7/16/2019,426,426,406,409,409,8675
7/17/2019,408,418,408,417,417,29854
7/18/2019,413,423,413,418,418,20493
7/21/2019,414,417,411,414,414,14478
7/22/2019,414,419,414,416,416,19276
7/23/2019,418,435,418,435,435,105508
7/24/2019,435,435,428,433,433,61735
7/25/2019,433,434,427,430,430,97104
7/28/2019,423,429,422,425,425,96129
7/29/2019,425,430,425,427,427,35679
7/30/2019,426,431,426,429,429,31788
7/31/2019,422,433,422,431,431,42713
8/1/2019,436,436,429,430,430,37084
8/4/2019,429,438,424,437,437,68518
8/5/2019,433,437,431,433,433,44680
8/6/2019,441,442,430,432,432,196356
8/7/2019,426,439,426,435,435,56560
8/8/2019,435,435,429,431,431,34679
8/11/2019,430,431,428,430,430,25832
8/12/2019,433,433,429,431,431,20621
8/13/2019,431,437,428,428,428,17896
8/14/2019,426,430,425,429,429,13082
8/15/2019,427,433,425,430,430,36318
8/18/2019,430,433,429,430,430,36698
8/19/2019,431,434,429,431,431,38717
8/20/2019,431,432,427,427,427,17383
8/21/2019,425,430,425,429,429,20878
8/22/2019,429,430,425,428,428,28290
8/25/2019,423,427,423,427,427,20297
8/26/2019,430,430,425,425,425,16088
8/27/2019,425,429,424,426,426,14181
8/28/2019,424,427,424,425,425,21023
8/29/2019,427,427,423,426,426,11405
9/1/2019,428,428,421,421,421,17893
9/2/2019,424,424,414,417,417,43531
9/3/2019,415,426,412,424,424,36698
9/4/2019,425,429,420,426,426,22525
9/5/2019,425,427,425,425,425,15371
9/8/2019,427,427,421,422,422,8733
9/9/2019,425,425,416,418,418,19723
9/10/2019,416,419,416,418,418,21628
9/11/2019,417,420,416,418,418,22008
9/12/2019,418,420,416,416,416,27640
9/15/2019,415,418,413,413,413,18691
9/16/2019,413,414,408,408,408,23477
9/17/2019,410,418,410,418,418,22549
9/18/2019,420,423,419,423,423,28150
9/19/2019,415,425,413,413,413,22965
9/22/2019,413,415,412,414,414,14749
9/23/2019,413,415,412,414,414,17256
9/24/2019,411,412,410,412,412,8687
9/26/2019,412,412,409,410,410,13312
9/29/2019,410,418,407,418,418,23666
9/30/2019,412,415,411,415,415,9318
10/1/2019,412,418,412,417,417,11045
10/2/2019,417,417,411,411,411,3711
10/3/2019,415,418,415,416,416,3319
10/10/2019,413,415,412,415,415,1419
10/14/2019,415,415,409,410,410,15531
10/15/2019,412,416,410,413,413,34190
10/16/2019,415,415,412,414,414,10681
10/17/2019,415,416,412,414,414,15319
10/20/2019,412,414,411,413,413,11108
10/21/2019,412,415,411,412,412,13609
10/22/2019,411,413,409,411,411,7228
10/23/2019,415,416,411,413,413,2992
10/24/2019,415,416,412,414,414,9027
10/31/2019,415,417,410,413,413,4949
11/3/2019,412,413,410,412,412,4909
11/4/2019,414,414,410,413,413,13907
11/5/2019,415,416,413,416,416,12478
11/6/2019,415,417,415,415,415,16754
11/7/2019,417,417,414,415,415,18305
11/10/2019,414,419,410,419,419,11958
11/11/2019,414,421,414,421,421,3581
11/12/2019,425,425,414,417,417,12550
11/13/2019,414,417,413,416,416,23563
11/14/2019,416,417,415,417,417,18775
11/17/2019,420,423,410,415,415,11182
11/18/2019,415,418,415,418,418,52113
11/19/2019,420,420,415,416,416,21222
11/20/2019,415,418,415,416,416,12638
11/21/2019,418,418,408,412,412,9107
11/24/2019,409,410,404,404,404,14677
11/25/2019,405,412,404,409,409,5669
11/26/2019,410,410,402,405,405,11131
11/27/2019,403,409,403,409,409,5247
11/28/2019,409,409,404,404,404,5609
12/1/2019,405,405,402,404,404,5892
12/2/2019,404,405,400,403,403,17229
12/3/2019,401,403,401,401,401,6534
12/4/2019,401,406,401,405,405,11388
12/5/2019,405,407,403,405,405,6589
12/8/2019,406,409,403,409,409,6252
12/9/2019,408,415,404,411,411,10680
12/10/2019,410,418,406,415,415,67690
12/11/2019,416,418,414,414,414,13042
12/12/2019,415,415,409,412,412,21051
12/15/2019,412,416,411,413,413,8639
12/16/2019,415,415,406,406,406,9861
12/17/2019,405,410,405,407,407,6407
12/18/2019,405,410,405,406,406,9668
12/19/2019,404,407,403,404,404,5118
12/22/2019,407,414,407,412,412,13018
12/23/2019,414,414,407,412,412,20783
12/24/2019,415,416,412,413,413,19873
12/25/2019,412,415,412,414,414,31149
12/26/2019,414,417,413,417,417,103337
12/29/2019,386,386,366,370,370,20987
12/30/2019,369,369,361,365,365,8211
12/31/2019,365,366,361,366,366,8569
1/1/2020,364,367,359,367,367,7109
1/2/2020,367,368,359,359,359,6793
1/5/2020,360,364,360,363,363,11390
1/6/2020,365,372,365,371,371,26892
1/7/2020,375,376,370,373,373,9507
1/8/2020,372,373,369,369,369,10093
1/9/2020,369,369,363,365,365,11059
1/12/2020,371,373,366,371,371,15768
1/13/2020,374,382,374,379,379,39441
1/14/2020,375,380,375,378,378,11083
1/15/2020,385,386,378,386,386,22021
1/16/2020,389,398,386,391,391,30689
1/19/2020,395,398,392,396,396,37203
1/20/2020,402,407,386,389,389,50503
1/21/2020,396,397,385,389,389,20945
1/22/2020,395,395,383,386,386,13717
1/23/2020,390,390,380,382,382,11817
1/26/2020,379,384,372,372,372,16983
1/27/2020,368,387,368,387,387,23768
1/28/2020,387,389,380,386,386,14063
1/29/2020,380,387,379,384,384,8241
1/30/2020,385,388,383,384,384,10082
2/2/2020,384,392,383,390,390,25714
2/3/2020,391,395,388,388,388,22861
2/4/2020,392,396,385,386,386,32960
2/5/2020,390,390,382,385,385,12291
2/6/2020,383,390,382,385,385,11711
2/9/2020,382,384,380,381,381,11030
2/10/2020,382,385,377,380,380,14196
2/11/2020,386,390,382,385,385,13972
2/12/2020,392,392,383,388,388,34048
2/13/2020,386,388,380,384,384,20972
2/16/2020,385,390,383,390,390,29836
2/17/2020,392,401,390,396,396,42746
2/18/2020,402,408,395,397,397,41812
2/19/2020,404,404,394,397,397,17687
2/20/2020,397,400,395,398,398,25763
2/23/2020,402,436,402,431,431,130275
2/24/2020,431,450,425,432,432,104982
2/25/2020,436,436,416,435,435,48731
2/26/2020,439,453,437,453,453,88846
2/27/2020,445,474,440,467,467,110009
3/1/2020,467,475,450,452,452,86815
3/2/2020,445,452,420,420,420,52575
3/3/2020,420,445,390,425,425,83824
3/4/2020,420,425,410,416,416,59890
3/5/2020,408,416,400,405,405,51446
3/10/2020,397,397,380,380,380,44333
3/11/2020,378,407,378,406,406,73399
3/12/2020,406,410,390,397,397,66328
3/15/2020,390,394,378,382,382,67992
3/16/2020,380,391,371,382,382,34352
3/17/2020,379,380,370,378,378,45920
3/18/2020,371,385,361,370,370,50811
3/19/2020,367,385,360,376,376,34900
3/22/2020,369,376,362,368,368,5639
5/12/2020,361,361,357,357,357,470
5/13/2020,350,350,347,347,347,240
6/29/2020,341,341,313,329,329,12955
6/30/2020,323,352,320,350,350,4499
7/1/2020,350,384,350,380,380,16073
7/2/2020,382,394,343,345,345,13518
7/5/2020,350,365,345,356,356,29844
7/6/2020,349,368,349,365,365,25485
7/7/2020,370,379,367,374,374,16559
7/8/2020,375,375,362,368,368,15958
7/9/2020,365,371,360,368,368,10849
7/12/2020,370,377,368,375,375,20839
7/13/2020,375,382,373,375,375,38001
7/14/2020,375,378,372,375,375,9391
7/15/2020,376,388,376,385,385,34899
7/16/2020,389,405,389,400,400,49834
7/19/2020,408,432,408,432,432,90
7/20/2020,453,475,424,442,442,152858
7/21/2020,443,446,427,431,431,70227
7/22/2020,445,445,420,426,426,55050
7/23/2020,426,430,418,428,428,33121
7/26/2020,430,436,422,434,434,60056
7/27/2020,434,440,430,433,433,51602
7/28/2020,435,435,428,432,432,30474
7/29/2020,430,432,421,422,422,61718
7/30/2020,415,429,415,427,427,34944
8/2/2020,419,422,406,406,406,64556
8/3/2020,407,418,405,411,411,26260
8/5/2020,419,419,402,407,407,30060
8/6/2020,405,408,401,406,406,33954
8/9/2020,401,412,399,412,412,33276
8/10/2020,432,432,413,425,425,30437
8/11/2020,427,427,418,419,419,26345
8/12/2020,414,422,414,419,419,25454
8/13/2020,425,425,414,415,415,27971
8/16/2020,411,416,405,410,410,34679
8/17/2020,410,415,406,415,415,20840
8/18/2020,416,418,411,417,417,16446
8/19/2020,410,415,408,409,409,25812
8/20/2020,410,412,406,412,412,8351
8/23/2020,419,419,411,414,414,8109
8/24/2020,418,420,415,420,420,30112
8/25/2020,424,427,419,421,421,39774
8/26/2020,425,429,420,426,426,39150
8/27/2020,429,430,425,425,425,30360
8/30/2020,425,446,421,424,424,20137
8/31/2020,429,431,423,429,429,40437
9/2/2020,436,440,432,436,436,108553
9/3/2020,436,438,430,432,432,54999
9/6/2020,431,447,429,429,429,51535
9/7/2020,426,429,422,424,424,30894
9/8/2020,423,424,417,422,422,18591
9/9/2020,443,443,418,423,423,30486
9/10/2020,444,444,422,425,425,30353
9/13/2020,425,429,425,429,429,40426
9/14/2020,429,439,429,435,435,64709
9/15/2020,438,440,429,433,433,31509
9/16/2020,435,435,426,430,430,35281
9/17/2020,451,451,428,437,437,95389
9/20/2020,443,450,435,440,440,53218
9/21/2020,440,441,432,436,436,54729
9/22/2020,440,440,431,434,434,93124
9/23/2020,438,438,430,436,436,38716
9/24/2020,438,438,431,435,435,43273
9/27/2020,438,442,433,440,440,66164
9/28/2020,440,443,439,441,441,31645
9/29/2020,441,441,437,438,438,45801
9/30/2020,445,445,434,436,436,37898
10/1/2020,435,440,435,439,439,17254
10/4/2020,440,445,440,440,440,76534
10/5/2020,441,443,438,439,439,40920
10/6/2020,440,450,439,450,450,117064
10/7/2020,450,451,444,448,448,55530
10/8/2020,450,450,442,443,443,37815
10/11/2020,440,442,438,439,439,27787
10/12/2020,455,455,436,440,440,35458
10/13/2020,440,440,438,439,439,18523
10/14/2020,440,440,436,439,439,19883
10/15/2020,443,445,437,442,442,35904
10/18/2020,438,441,437,439,439,28101
10/19/2020,438,441,436,440,440,23746
10/20/2020,443,444,441,442,442,28155
10/21/2020,443,450,443,450,450,48986
10/22/2020,453,455,450,454,454,68836
10/28/2020,457,474,456,473,473,83397
10/29/2020,475,483,471,472,472,114747
11/1/2020,472,479,468,477,477,116363
11/2/2020,477,479,469,469,469,52560
11/3/2020,480,480,465,467,467,53871
11/4/2020,468,468,462,464,464,33667
11/5/2020,464,476,462,470,470,102758
11/8/2020,470,472,468,471,471,26833
11/9/2020,470,474,468,472,472,33751
11/10/2020,474,475,468,470,470,80125
11/11/2020,472,482,472,479,479,69277
11/12/2020,475,484,475,484,484,79435
11/18/2020,475,495,470,487,487,143816
11/19/2020,511,511,489,491,491,71429
11/22/2020,495,512,495,505,505,152285
11/23/2020,510,515,506,512,512,196565
11/24/2020,512,517,510,512,512,66020
11/25/2020,511,525,511,523,523,79838
11/26/2020,525,532,520,525,525,85540
11/29/2020,526,559,524,554,554,230701
11/30/2020,560,576,535,541,541,169861
12/1/2020,541,541,516,530,530,151300
12/2/2020,525,536,520,535,535,111044
12/3/2020,534,540,528,532,532,90643
12/6/2020,522,533,516,517,517,171129
12/7/2020,515,533,510,532,532,131127
12/8/2020,530,552,530,547,547,226073
12/9/2020,545,547,534,536,536,92328
12/10/2020,535,538,526,535,535,54470
12/13/2020,540,555,538,552,552,136826
12/14/2020,555,561,527,535,535,323130
12/15/2020,540,545,527,528,528,117229
12/16/2020,550,550,524,527,527,76542
12/17/2020,530,530,515,518,518,87068
12/20/2020,515,520,483,492,492,104545
12/21/2020,483,498,474,485,485,103564
12/22/2020,490,503,490,503,503,85171
12/23/2020,495,516,495,500,500,73410
12/24/2020,500,500,489,493,493,57679
12/27/2020,495,496,488,493,493,41700
12/28/2020,490,495,485,492,492,32570
12/29/2020,494,494,487,488,488,96176
12/30/2020,435,435,415,422,422,30138
12/31/2020,417,432,416,425,425,48740
1/3/2021,433,441,433,440,440,46462
1/4/2021,442,445,435,439,439,29054
1/5/2021,443,443,431,435,435,22837
1/6/2021,431,438,431,438,438,33745
1/7/2021,440,443,432,438,438,39177
1/10/2021,438,450,438,450,450,90717
1/11/2021,453,459,450,451,451,59076
1/12/2021,473,473,451,454,454,28076
1/13/2021,452,460,450,450,450,52729
1/17/2021,459,459,452,453,453,52720
1/18/2021,454,456,448,448,448,61879
1/19/2021,450,450,443,449,449,64531
1/20/2021,450,450,443,444,444,43511
1/21/2021,466,466,441,444,444,48043
1/24/2021,445,456,445,446,446,58964
1/25/2021,446,464,444,460,460,125936
1/26/2021,465,490,460,484,484,216204
1/27/2021,485,485,468,470,470,87784
1/28/2021,470,470,453,459,459,112245
1/31/2021,458,458,441,445,445,106833
2/1/2021,445,459,440,446,446,39012
2/2/2021,449,453,445,447,447,63651
2/3/2021,450,464,447,451,451,86928
2/4/2021,459,459,442,451,451,77015
2/7/2021,451,452,447,450,450,68729
2/8/2021,454,480,446,464,464,107995
2/9/2021,480,480,451,457,457,52134
2/10/2021,460,461,449,457,457,34799
2/11/2021,453,464,451,451,451,58376
2/14/2021,450,455,446,448,448,52654
2/15/2021,470,470,449,456,456,64582
2/16/2021,460,468,452,462,462,103729
2/17/2021,463,469,456,467,467,119712
2/18/2021,470,479,465,472,472,117240
2/21/2021,471,484,467,473,473,115833
2/22/2021,474,474,460,464,464,99940
2/23/2021,460,460,446,455,455,61301
2/24/2021,477,477,453,459,459,76992
2/25/2021,466,466,450,455,455,60468
2/28/2021,450,450,438,441,441,87385
3/1/2021,441,449,435,445,445,86938
3/2/2021,449,449,430,435,435,70484
3/3/2021,435,435,421,428,428,74820
3/4/2021,431,436,430,434,434,58945
3/8/2021,434,441,429,430,430,72363
3/9/2021,430,431,424,426,426,36121
3/10/2021,421,434,421,426,426,41639
3/14/2021,420,428,417,418,418,47505
3/15/2021,426,426,415,417,417,29309
3/16/2021,415,421,414,417,417,38698
3/17/2021,423,424,415,423,423,18916
3/18/2021,444,444,423,430,430,37568
3/21/2021,430,440,430,437,437,38957
3/22/2021,438,438,429,429,429,32906
3/23/2021,430,434,423,427,427,23070
3/24/2021,430,437,426,429,429,45332
3/25/2021,434,434,426,431,431,55859
3/29/2021,434,434,425,429,429,27514
3/30/2021,432,432,426,428,428,28165
3/31/2021,433,452,426,445,445,108531
4/1/2021,455,455,434,439,439,69742
4/4/2021,440,445,434,441,441,71522
4/5/2021,445,445,435,437,437,38063
4/6/2021,432,439,432,437,437,48766
4/7/2021,438,439,432,437,437,30237
4/8/2021,439,439,434,437,437,42866
4/12/2021,436,438,431,437,437,64341
4/13/2021,450,450,437,445,445,102443
4/15/2021,450,452,445,448,448,80699
4/18/2021,455,456,439,441,441,75807
4/19/2021,436,440,432,433,433,75119
4/20/2021,430,436,429,430,430,69148
4/21/2021,427,435,425,429,429,67723
4/22/2021,435,435,424,428,428,57567
4/25/2021,431,431,418,419,419,53306
4/26/2021,418,424,402,412,412,82121
4/27/2021,415,418,407,416,416,91231
4/28/2021,420,421,411,415,415,41259
4/29/2021,415,421,414,419,419,48621
5/2/2021,422,427,420,424,424,58954
5/3/2021,428,430,417,418,418,63178
5/4/2021,423,423,415,417,417,46355
5/5/2021,398,423,398,417,417,48809
5/6/2021,425,425,415,417,417,43509
5/9/2021,417,421,412,419,419,44803
5/10/2021,422,422,416,420,420,34550
5/11/2021,430,430,418,421,421,47979
5/12/2021,421,422,418,419,419,34976
5/13/2021,420,421,418,419,419,43764
5/16/2021,422,425,421,425,425,64623
5/17/2021,435,435,427,428,428,50942
5/18/2021,431,433,428,433,433,73076
5/19/2021,434,441,432,435,435,87374
5/20/2021,455,455,428,437,437,60345
5/23/2021,435,445,428,445,445,95466
5/24/2021,446,455,446,452,452,201509
5/25/2021,453,453,443,446,446,45800
5/27/2021,440,446,435,444,444,86267
5/30/2021,444,454,440,448,448,156823
5/31/2021,452,455,441,442,442,63529
6/1/2021,440,442,434,437,437,72507
6/2/2021,437,443,435,440,440,67701
6/3/2021,445,455,440,450,450,169456
6/6/2021,455,481,455,466,466,309217
6/7/2021,444,480,444,459,459,178135
6/8/2021,460,468,458,463,463,181070
6/9/2021,463,469,459,462,462,94004
6/10/2021,460,465,456,457,457,69384
6/13/2021,457,463,447,461,461,135433
6/14/2021,461,485,460,478,478,238183
6/15/2021,480,497,480,487,487,346796
6/16/2021,487,510,482,492,492,249556
6/17/2021,498,501,489,490,490,132336
6/20/2021,466,500,466,476,476,185371
6/21/2021,495,495,466,470,470,158267
6/22/2021,450,483,450,482,482,112308
6/23/2021,482,482,470,471,471,72529
6/24/2021,491,491,465,482,482,168916
6/27/2021,476,500,476,493,493,165483
6/28/2021,517,517,491,497,497,183885
6/29/2021,500,503,482,485,485,73114
6/30/2021,476,484,472,482,482,49724
7/1/2021,458,491,458,484,484,97084
7/4/2021,484,487,475,477,477,54096
7/5/2021,477,484,471,476,476,37585
7/6/2021,475,477,470,473,473,44597
7/7/2021,482,482,471,471,471,77933
7/8/2021,472,480,470,477,477,51483
7/11/2021,478,488,477,488,488,63968
7/12/2021,490,494,478,480,480,69957
7/13/2021,473,483,473,481,481,64679
7/14/2021,488,488,477,479,479,40531
7/15/2021,480,482,476,479,479,59702
7/18/2021,479,510,479,508,508,199269
7/19/2021,515,525.3,509,512,512,298032
7/20/2021,512,545.7,506,545,545,428610
7/22/2021,555,599.5,550.1,588,588,800592
7/25/2021,599.7,605.8,582,597,597,400066
7/26/2021,593,597,575,579,579,564272
7/27/2021,570,585,557,575,575,308307
7/28/2021,575,582,568,570,570,130006
7/29/2021,575,575,560,571,571,107729
8/1/2021,575,576,565,568,568,134087
8/2/2021,565,574.9,565,573,573,90713
8/3/2021,575,583,571.1,580,580,98770
8/4/2021,591.6,591.6,577.2,582.5,582.5,117917
8/5/2021,583,587,578,580,580,128975
8/8/2021,581,586,580,581,581,106350
8/9/2021,586,586,576,580,580,98808
8/10/2021,590,598,575,593,593,164275
8/11/2021,604.8,620,588,589,589,332172
8/12/2021,589,599,588,593.1,593.1,207792
8/15/2021,604,604.9,585,594,594,246363
8/16/2021,600,600,587.2,590,590,178209
8/17/2021,585,594,582.1,583.9,583.9,119069
8/18/2021,582,600,575,595,595,203897
8/19/2021,596,600,590,590.5,590.5,155462
8/24/2021,595,595,578,580,580,84503
8/25/2021,576,578.2,568.2,569.2,569.2,81382
8/26/2021,569,574,565,570,570,73544
8/29/2021,570,579,558.7,559,559,74915
8/31/2021,555,556,540,544,544,99639
9/1/2021,544,554,538,548.5,548.5,93937
9/2/2021,548,555,540.3,547,547,64932
9/5/2021,539,542,517.1,529,529,118899
9/6/2021,529,555,519.1,555,555,80904
9/7/2021,555,555,544,544,544,39266
9/8/2021,544.4,544.4,530,535,535,37797
9/9/2021,538,543,530,535.3,535.3,37249
9/12/2021,535,544,535,539,539,49372
9/13/2021,548,553,540,546,546,61708
9/14/2021,550,552,540,547,547,50050
9/15/2021,547,547,535,536,536,51866
9/16/2021,535,535,515,520.2,520.2,84511
9/20/2021,525,526,503,507.9,507.9,112904
9/21/2021,500,518,492,507,507,80684
9/22/2021,517,535,510,529,529,61892
9/23/2021,539.5,559,532,545,545,113896
9/26/2021,555.7,560,536,540,540,80063
9/27/2021,539,539,515,523,523,71015
9/28/2021,525,525,506,509,509,65077
9/29/2021,510,512,494.9,512,512,78586
9/30/2021,515,517,505,508,508,48902
10/3/2021,508,508,498,498,498,62039
10/4/2021,498,502,491,497,497,54880
10/5/2021,495,507,492,504,504,55864
10/6/2021,514,514.9,500,506,506,39844
10/10/2021,506,524,505,509.5,509.5,51759
10/11/2021,509,510.9,500,509,509,26076
10/17/2021,509,514.9,505,507.9,507.9,13824
10/18/2021,508,508,494.2,496,496,38949
10/19/2021,502,502,482,493,493,42712
10/20/2021,502.8,517.1,492,503.8,503.8,28247
10/21/2021,494,505,494,500.2,500.2,30079
10/24/2021,501,505,492,503,503,39448
10/25/2021,504,513,499,512,512,47523
10/26/2021,520,525,513,525,525,60461
10/27/2021,527,558.5,516,551,551,193472
10/28/2021,555,560,538,538,538,91581
10/31/2021,530,544,524,532,532,75090
11/1/2021,521.4,535,520,521,521,66975
11/2/2021,521,529.9,515,528.5,528.5,30675
11/3/2021,539,549,533,542.9,542.9,103451
11/8/2021,543,544,528,528,528,27478
11/9/2021,528.1,530,512,515,515,53120
11/11/2021,512,520,500,507,507,68078
11/14/2021,503,510,497,508.9,508.9,36575
11/15/2021,510,514.9,506,506.5,506.5,27116
11/16/2021,507,513,500,508,508,48725
11/17/2021,518,518,508.2,512.9,512.9,47611
11/18/2021,503.1,511,503.1,508.2,508.2,19692
11/21/2021,508,510,502.5,504,504,39307
11/22/2021,504,509,503,504.2,504.2,20171
11/23/2021,500,505,495,497.1,497.1,36868
11/24/2021,497,498.9,495.1,495.9,495.9,36718
11/25/2021,496,499.5,491,495,495,40312
11/28/2021,491,495,470,476,476,64115
11/29/2021,471,483,469,477.5,477.5,25152
11/30/2021,474,480,468,473,473,35963
12/1/2021,472,475,470,473,473,28814
12/2/2021,475,476.9,467,467,467,37874
12/5/2021,461,465,444,446,446,68193
12/6/2021,446,459,430,451,451,68814
12/7/2021,452.1,456.9,448,448,448,28400
12/8/2021,445,445,437,441,441,27135
12/9/2021,440,440,430,439,439,40348
12/12/2021,437,441,421,421,421,32738
12/13/2021,421,421.7,406.1,421,421,50626
12/14/2021,429,440,420.5,437,437,12873
12/15/2021,445,453,430,435,435,34320
12/16/2021,435,441,430.1,441,441,42355
12/20/2021,449.8,471.9,449.8,463,463,203606
12/21/2021,472.1,472.2,458.7,468,468,89845
12/22/2021,475,488,468,486,486,91095
12/23/2021,494.9,497,481,496,496,77234
12/26/2021,499.1,502,495,500,500,130801
12/27/2021,510,510,491,493,493,88858
12/28/2021,493,498,488,494,494,91046
12/29/2021,499,499,488,492,492,200533
1/2/2022,410,412,400.1,411,411,78818
1/3/2022,416,418,412,415,415,35929
1/4/2022,422,424,410,422,422,52990
1/5/2022,426,430,418,419,419,45591
1/6/2022,420,422,415.5,421,421,37485
1/9/2022,424,434,420,431,431,79470
1/10/2022,435,437.5,427,429,429,70123
1/11/2022,429.5,432.9,426.1,428.9,428.9,41350
1/12/2022,435,435,422,424,424,39598
1/13/2022,421.5,426.9,421.5,426.9,426.9,37250
1/16/2022,426.9,437,430.1,435,435,63396
1/17/2022,441,442,435,441,441,50102
1/18/2022,441,448,436.9,440,440,95284
1/19/2022,440,442,426.3,433,433,60921
1/20/2022,430,435,427.5,433,433,41039
1/23/2022,440,441,428,430.2,430.2,42972
1/24/2022,434,434,418,422,422,67946
1/25/2022,420,425,415,419.9,419.9,51430
1/26/2022,420,420,415,416.4,416.4,27790
1/27/2022,415,423,415,417,417,21775
1/30/2022,425,432,420.1,424.7,424.7,39524
1/31/2022,426,426,421.2,422,422,20348
2/1/2022,420,424,418,423,423,33761
2/3/2022,425,425,420,420.6,420.6,47402
2/6/2022,418,422,417,418,418,33404
2/7/2022,416.5,423,416.1,417,417,26388
2/8/2022,423,425,416,417,417,33948
2/9/2022,417,418,413,415.5,415.5,16231
2/10/2022,422,422,413,414.5,414.5,20035
2/13/2022,406.3,414,405,405.5,405.5,42697
2/14/2022,405,410,403,404,404,24705
2/15/2022,405,410,403.2,407,407,36803
2/16/2022,415,415,406,406.9,406.9,17607
2/17/2022,415,415,403.5,405,405,18795
2/20/2022,400,402,395,399,399,35466
2/21/2022,400,405,398,402,402,27798
2/22/2022,402,408,402,404.8,404.8,15662
2/23/2022,405.9,406,399.9,400,400,35048
2/24/2022,401,401,392,397,397,33591
2/27/2022,397,397.3,391.1,395,395,29411
2/28/2022,395,401.9,388,390,390,66116
3/2/2022,388,390,378,380,380,63480
3/6/2022,378.5,384.5,378.5,380.9,380.9,31906
3/7/2022,382,387,382,385,385,21937
3/9/2022,389,390,381.1,383.9,383.9,20104
3/10/2022,383,386.9,380,386.5,386.5,28256
3/13/2022,390,403,386.5,403,403,56207
3/14/2022,409,411,395,402,402,43377
3/15/2022,405,405,395,399,399,36194
3/16/2022,399,400,396,396.2,396.2,20680
3/20/2022,400,402,392,396.6,396.6,22115
3/21/2022,402,402,391,395.6,395.6,18867
3/22/2022,395.6,399.4,395,398,398,20056
3/23/2022,405.9,405.9,392,395,395,14248
3/24/2022,394.5,395,392,393,393,24489
3/27/2022,393,394,388,388.1,388.1,20877
3/28/2022,385.6,390,384,386,386,22843
3/29/2022,381,389.6,379,383.9,383.9,18020
3/30/2022,383,388,381,385,385,19953
3/31/2022,387,388,383,384.1,384.1,16460
4/3/2022,384.1,385,378.6,380.5,380.5,21505
4/4/2022,375,382,375,379,379,44329
4/5/2022,385,385,371.5,376.8,376.8,28851
4/6/2022,374,378,365,366.9,366.9,40684
4/7/2022,364.7,375,364.7,373,373,22876
4/11/2022,373,382,366.1,367,367,27160
4/12/2022,363.6,373.3,363.6,363.8,363.8,12556
4/13/2022,364,369,364,367,367,29290
4/17/2022,370,376,368,371,371,20608
4/18/2022,370,374,367,369.9,369.9,15159
4/19/2022,369,372,358.7,371,371,19684
4/20/2022,373,378,367,370,370,16063
4/21/2022,370,370,363,370,370,14989
4/24/2022,371,377,367,376.6,376.6,22222
4/25/2022,380,384,375,378,378,15248
4/26/2022,374,377,371.5,373,373,11521
4/27/2022,370,371,368,371,371,12344
4/28/2022,378,378,367.1,369,369,26491
5/2/2022,367,367,363.6,364,364,15384
5/4/2022,364,366,360,361,361,12602
5/5/2022,361,365,356,356.3,356.3,14718
5/8/2022,356.3,356.3,352,354.5,354.5,20085
5/9/2022,360,367,355,365,365,16600
5/10/2022,372,377.7,365,377.7,377.7,13260
5/11/2022,378,384,371,384,384,17055
5/12/2022,384,389,379,379.9,379.9,13959
5/17/2022,383,383,365,366,366,10299
5/18/2022,369,369,362,366,366,8992
5/19/2022,366,373,364.6,365.8,365.8,7073
5/20/2022,366,366,360,364,364,5095
5/23/2022,371,371,358.6,360,360,15982
5/24/2022,354,366,353,362,362,10269
5/25/2022,362,365,360,363,363,17122
5/26/2022,363,367,361,367,367,12109
5/27/2022,367,367,363,364.9,364.9,10347
5/30/2022,367,367,356.2,357,357,12409
5/31/2022,355,355,348.1,352,352,14454
6/1/2022,354,356,350,352,352,10455
6/2/2022,352,353,348.1,350,350,16073
6/3/2022,343.1,352,343.1,343.5,343.5,18065
6/6/2022,345,345.5,338,343,343,20851
6/7/2022,340,345,322.6,328.9,328.9,49886
6/8/2022,331,337,329.2,334,334,27291
6/9/2022,335,340.6,333.2,335,335,15288
6/10/2022,339.9,339.9,326,335.6,335.6,8784
6/13/2022,335.6,340,332,332,332,9837
6/14/2022,330,335,328.4,328.5,328.5,11543
6/15/2022,329,329,323,327,327,11386
6/16/2022,325,330,319.2,321,321,28991
6/17/2022,327,327,319.5,319.9,319.9,7331
6/19/2022,325,325,315.1,318,318,13101
6/20/2022,314,318,306.1,310.6,310.6,25115
6/21/2022,309,316,308,311,311,26282
6/22/2022,315,315,304,310,310,37679
6/23/2022,309,310,300.2,305,305,43832
6/24/2022,305,310,298,309,309,12201
6/26/2022,314,317,307.8,315.1,315.1,39098
6/27/2022,315.9,321,313,314,314,22811
6/28/2022,309.79,333.1,308,330,330,21480
6/29/2022,330,330,314,326.5,326.5,20955
6/30/2022,330,332,325,330.5,330.5,33598
7/1/2022,336.9,336.9,325.4,326,326,14504
7/3/2022,326,330,324.4,327,327,21180
7/4/2022,330,338,329,329,329,47200
