Date,Open,High,Low,Close,Percent Change,Volume
1/4/2012,600,589,558,558,-7,3045
1/5/2012,558,569,569,569,1.97,375
1/12/2012,569,615,580,615,8.08,250
1/16/2012,615,627,627,627,1.95,200
1/17/2012,627,627,615,627,0,80
1/22/2012,627,625,625,625,-0.32,45
1/23/2012,625,627,621,621,-0.64,525
1/26/2012,621,621,621,621,0,376
1/29/2012,621,622,620,622,0.16,150
1/31/2012,622,632,620,632,1.61,250
2/1/2012,632,635,631,631,-0.16,560
2/2/2012,631,631,631,631,0,50
2/5/2012,631,635,632,635,0.63,45
2/6/2012,635,647,647,647,1.89,200
2/7/2012,647,640,635,640,-1.08,1015
2/8/2012,640,640,640,640,0,15
2/14/2012,640,640,635,640,0,45
2/15/2012,640,650,645,645,0.78,43
2/23/2012,645,641,640,641,-0.62,138
2/26/2012,641,642,642,642,0.16,172
2/29/2012,642,654,654,654,1.87,53
3/1/2012,654,650,650,650,-0.61,30
3/4/2012,650,650,650,650,0,108
3/5/2012,650,660,647,650,0,135
3/6/2012,650,660,650,660,1.54,43
3/11/2012,660,660,660,660,0,500
3/12/2012,660,659,647,659,-0.15,28
3/13/2012,659,659,659,659,0,20
3/14/2012,659,655,655,655,-0.61,1250
3/19/2012,655,645,645,645,-1.53,4395
3/20/2012,645,640,640,640,-0.78,27
3/25/2012,640,640,630,630,-1.56,160
3/28/2012,630,640,630,630,0,36107
4/1/2012,630,640,640,640,1.59,1000
4/3/2012,640,640,640,640,0,175
4/4/2012,640,640,630,630,-1.56,25
4/12/2012,630,642,642,642,1.9,20
4/15/2012,642,654,654,654,1.87,10
4/16/2012,654,693,667,693,5.96,40
4/17/2012,693,706,706,706,1.88,13
4/18/2012,706,776,719,776,9.92,95
4/19/2012,776,837,791,829,6.83,894
4/22/2012,829,820,820,820,-1.09,10
4/24/2012,820,846,815,830,1.22,1776
4/25/2012,830,835,830,835,0.6,1500
4/26/2012,835,846,814,820,-1.8,6259
4/29/2012,820,861,820,861,5,3980
5/3/2012,861,861,861,861,0,23
5/8/2012,861,861,861,861,0,305
5/9/2012,861,895,878,895,3.95,60
5/16/2012,895,928,911,928,3.69,80
5/22/2012,928,910,910,910,-1.94,10
5/24/2012,910,945,892,945,3.85,262
5/27/2012,945,963,945,945,0,20
6/10/2012,945,927,927,927,-1.9,15
6/11/2012,927,909,909,909,-1.94,30
6/12/2012,909,927,927,927,1.98,10
6/19/2012,927,909,866,899,-3.02,155
7/2/2012,899,899,899,899,0,60
7/9/2012,899,882,810,810,-9.9,260
7/10/2012,810,794,756,767,-5.31,672
7/11/2012,767,785,774,780,1.69,1195
7/12/2012,780,785,766,785,0.64,185
7/15/2012,785,785,785,785,0,500
7/17/2012,785,804,785,795,1.27,1821
7/18/2012,795,803,795,803,1.01,2060
7/19/2012,803,815,800,815,1.49,1404
7/22/2012,815,846,804,846,3.8,2531
7/23/2012,846,850,830,850,0.47,406
7/24/2012,850,845,833,845,-0.59,1376
7/25/2012,845,840,840,840,-0.59,823
7/26/2012,840,841,841,841,0.12,30
7/30/2012,841,870,848,860,2.26,2877
7/31/2012,860,860,860,860,0,24
8/1/2012,860,865,865,865,0.58,60
8/5/2012,865,865,849,849,-1.85,582
8/6/2012,849,865,864,864,1.77,299
8/7/2012,864,865,865,865,0.12,515
8/12/2012,865,881,865,871,0.69,699
8/13/2012,871,879,865,879,0.92,988
8/14/2012,879,880,866,875,-0.46,1472
8/15/2012,875,878,870,870,-0.57,814
8/16/2012,870,885,870,885,1.72,712
8/19/2012,885,885,875,876,-1.02,928
8/21/2012,876,875,870,870,-0.68,2577
8/22/2012,870,870,865,870,0,72
8/23/2012,870,890,885,890,2.3,132
8/27/2012,890,890,875,875,-1.69,3835
8/28/2012,875,880,874,880,0.57,1115
9/5/2012,880,914,897,914,3.86,536
9/6/2012,914,1002,932,1002,9.63,4495
9/9/2012,1002,1102,1022,1102,9.98,4094
9/10/2012,1102,1212,1124,1212,9.98,2980
9/11/2012,1212,1300,1155,1285,6.02,10220
9/12/2012,1285,1260,1200,1223,-4.82,9373
9/13/2012,1223,1255,1200,1239,1.31,2843
9/16/2012,1239,1269,1200,1269,2.42,1438
9/17/2012,1269,1244,1200,1200,-5.44,2643
9/18/2012,1200,1224,1177,1200,0,2316
9/19/2012,1200,1200,1188,1188,-1,190
9/20/2012,1188,1200,1141,1141,-3.96,261
9/23/2012,1141,1160,1118,1118,-2.02,1675
9/24/2012,1118,1185,1130,1162,3.94,1261
9/25/2012,1162,1185,1175,1185,1.98,280
9/26/2012,1185,1195,1170,1170,-1.27,4124
9/27/2012,1170,1218,1174,1218,4.1,1010
9/30/2012,1218,1208,1200,1200,-1.48,1867
10/1/2012,1200,1314,1175,1314,9.5,3256
10/2/2012,1314,1288,1200,1208,-8.07,2230
10/3/2012,1208,1224,1218,1224,1.32,1476
10/4/2012,1224,1240,1200,1240,1.31,2865
10/7/2012,1240,1264,1240,1240,0,1875
10/8/2012,1240,1221,1216,1220,-1.61,1030
10/9/2012,1220,1249,1225,1249,2.38,1231
10/10/2012,1249,1260,1243,1243,-0.48,293
10/11/2012,1243,1260,1236,1240,-0.24,1095
10/14/2012,1240,1285,1261,1285,3.63,25
10/15/2012,1285,1260,1236,1236,-3.81,90
10/17/2012,1236,1260,1250,1260,1.94,255
10/18/2012,1260,1295,1237,1295,2.78,965
10/30/2012,1295,1345,1295,1320,1.93,201
10/31/2012,1320,1350,1330,1345,1.89,860
11/1/2012,1345,1325,1321,1325,-1.49,45
11/4/2012,1325,1350,1320,1324,-0.08,1782
11/5/2012,1324,1415,1320,1415,6.87,1261
11/6/2012,1415,1424,1372,1424,0.64,1138
11/7/2012,1424,1451,1451,1451,1.9,10
11/8/2012,1451,1529,1422,1450,-0.07,974
11/11/2012,1450,1421,1379,1379,-4.9,280
11/12/2012,1379,1412,1345,1412,2.39,1724
11/18/2012,1412,1438,1438,1438,1.84,15
11/20/2012,1438,1488,1410,1450,0.83,450
11/21/2012,1450,1530,1479,1530,5.52,125
11/22/2012,1530,1519,1519,1519,-0.72,15
11/26/2012,1519,1489,1368,1415,-6.85,12033
11/27/2012,1415,1387,1350,1350,-4.59,1385
11/28/2012,1350,1389,1360,1360,0.74,128
11/29/2012,1360,1375,1360,1370,0.74,1005
12/2/2012,1370,1407,1380,1407,2.7,1954
12/3/2012,1407,1403,1400,1403,-0.28,321
12/4/2012,1403,1472,1403,1435,2.28,1562
12/5/2012,1435,1463,1420,1436,0.07,1198
12/6/2012,1436,1475,1375,1475,2.72,5054
12/9/2012,1475,1446,1410,1411,-4.34,1711
12/10/2012,1411,1450,1420,1450,2.76,387
12/11/2012,1450,1454,1442,1454,0.28,890
12/16/2012,1454,1455,1430,1455,0.07,300
12/17/2012,1455,1484,1460,1460,0.34,1400
12/18/2012,1460,1518,1460,1518,3.97,290
12/19/2012,1518,1550,1459,1500,-1.19,3145
12/20/2012,1500,1530,1500,1500,0,727
12/23/2012,1500,1470,1470,1470,-2,1700
12/24/2012,1470,1494,1470,1475,0.34,2701
12/26/2012,1475,1490,1446,1490,1.02,925
12/27/2012,1490,1555,1450,1555,4.36,903
12/31/2012,1555,1530,1515,1530,-1.61,223
1/1/2013,1530,1500,1475,1475,-3.59,175
1/2/2013,1475,1500,1470,1475,0,247
1/6/2013,1475,1448,1448,1448,-1.83,45
1/7/2013,1448,1435,1430,1430,-1.24,130
1/8/2013,1430,1500,1458,1500,4.9,417
1/9/2013,1500,1485,1456,1480,-1.33,736
1/10/2013,1480,1501,1468,1499,1.28,688
1/13/2013,1499,1540,1500,1520,1.4,1076
1/15/2013,1520,1632,1550,1632,7.37,188
1/16/2013,1632,1632,1600,1600,-1.96,20
1/17/2013,1600,1576,1530,1530,-4.38,565
1/20/2013,1530,1550,1520,1545,0.98,447
1/21/2013,1545,1581,1550,1580,2.27,599
1/22/2013,1580,1581,1580,1581,0.06,55
1/23/2013,1581,1600,1550,1550,-1.96,630
1/24/2013,1550,1581,1530,1530,-1.29,235
1/27/2013,1530,1600,1510,1580,3.27,659
1/28/2013,1580,1616,1551,1616,2.28,1180
1/30/2013,1616,1648,1616,1621,0.31,659
1/31/2013,1621,1621,1601,1621,0,335
2/3/2013,1621,1650,1632,1650,1.79,2395
2/4/2013,1650,1665,1650,1665,0.91,187
2/5/2013,1665,1650,1650,1650,-0.9,280
2/6/2013,1650,1655,1635,1645,-0.3,720
2/7/2013,1645,1665,1650,1665,1.22,565
2/10/2013,1665,1698,1665,1698,1.98,199
2/12/2013,1698,1867,1731,1867,9.95,2547
2/13/2013,1867,1955,1867,1940,3.91,5685
2/14/2013,1940,2060,1978,2030,4.64,2224
2/17/2013,2030,2152,2070,2110,3.94,357
2/19/2013,2110,2110,2068,2076,-1.61,825
2/20/2013,2076,2035,2000,2000,-3.66,1730
2/21/2013,2000,2045,1960,2045,2.25,2320
2/24/2013,2045,2050,2000,2000,-2.2,350
2/25/2013,2000,2040,2000,2010,0.5,917
2/26/2013,2010,2030,2010,2024,0.7,639
2/27/2013,2024,2001,2000,2000,-1.19,60
2/28/2013,2000,2010,2000,2010,0.5,1153
3/3/2013,2010,2000,2000,2000,-0.5,15
3/4/2013,2000,2030,1980,1980,-1,1098
3/5/2013,1980,1985,1950,1950,-1.52,1609
3/6/2013,1950,1984,1978,1980,1.54,190
3/7/2013,1980,1980,1975,1979,-0.05,280
3/11/2013,1979,1970,1955,1970,-0.45,1633
3/13/2013,1970,2010,1975,2010,2.03,557
3/14/2013,2010,2050,2020,2050,1.99,309
3/17/2013,2050,2050,2011,2020,-1.46,1261
3/18/2013,2020,2025,1986,2001,-0.94,350
3/19/2013,2001,2000,2000,2000,-0.05,127
3/20/2013,2000,2015,2001,2010,0.5,540
3/21/2013,2010,2065,2005,2005,-0.25,125
3/24/2013,2005,1980,1960,1960,-2.24,565
3/25/2013,1960,1987,1911,1987,1.38,200
3/27/2013,1987,2004,1950,2004,0.86,454
3/28/2013,2004,2004,2004,2004,0,60
3/31/2013,2004,2000,1950,1950,-2.69,205
4/1/2013,1950,2000,1935,2000,2.56,284
4/2/2013,2000,2010,1980,1980,-1,110
4/3/2013,1980,1975,1950,1965,-0.76,206
4/4/2013,1965,1965,1935,1950,-0.76,378
4/7/2013,1950,2110,1950,2110,8.21,2708
4/8/2013,2110,2230,2110,2214,4.93,3884
4/9/2013,2214,2258,2180,2190,-1.08,1015
4/11/2013,2190,2175,2150,2160,-1.37,1735
4/15/2013,2160,2183,2160,2165,0.23,2910
4/16/2013,2165,2150,2080,2110,-2.54,15942
4/17/2013,2110,2194,2070,2194,3.98,13790
4/23/2013,1358,1358,1358,1358,0,62
4/25/2013,1358,1360,1330,1331,-1.99,567
4/28/2013,1331,1305,1305,1305,-1.95,120
4/29/2013,1305,1280,1255,1255,-3.83,120
4/30/2013,1255,1230,1230,1230,-1.99,30
5/2/2013,1230,1206,1159,1165,-5.28,293
5/5/2013,1165,1146,1142,1142,-1.97,567
5/6/2013,1142,1120,1100,1115,-2.36,2050
5/7/2013,1115,1115,1115,1115,0,75
5/8/2013,1115,1103,1103,1103,-1.08,430
5/9/2013,1103,1120,1112,1120,1.54,177
5/13/2013,1120,1187,1142,1187,5.98,50
5/14/2013,1187,1239,1200,1239,4.38,410
5/15/2013,1239,1313,1263,1288,3.95,257
5/16/2013,1288,1310,1265,1310,1.71,3229
5/19/2013,1310,1315,1290,1315,0.38,480
5/20/2013,1315,1328,1320,1328,0.99,530
5/21/2013,1328,1347,1330,1335,0.53,230
5/22/2013,1335,1360,1340,1360,1.87,662
5/23/2013,1360,1355,1335,1355,-0.37,485
5/26/2013,1355,1360,1350,1350,-0.37,475
5/27/2013,1350,1341,1341,1341,-0.67,85
5/28/2013,1341,1341,1330,1330,-0.82,144
5/30/2013,1330,1310,1304,1304,-1.95,198
6/3/2013,1304,1310,1304,1310,0.46,293
6/5/2013,1310,1300,1299,1300,-0.76,3345
6/6/2013,1300,1305,1305,1305,0.38,2420
6/9/2013,1305,1305,1305,1305,0,922
6/10/2013,1305,1320,1320,1320,1.15,1913
6/11/2013,1320,1310,1310,1310,-0.76,90
6/12/2013,1310,1310,1284,1305,-0.38,4438
6/13/2013,1305,1335,1284,1334,2.22,2625
6/16/2013,1334,1320,1308,1317,-1.27,2077
6/17/2013,1317,1319,1308,1319,0.15,1627
6/18/2013,1319,1308,1300,1305,-1.06,1320
6/19/2013,1305,1318,1305,1318,1,1422
6/20/2013,1318,1320,1318,1318,0,1220
6/23/2013,1318,1305,1290,1305,-0.99,295
6/24/2013,1305,1295,1282,1295,-0.77,75
6/25/2013,1295,1282,1281,1282,-1,45
6/26/2013,1282,1294,1280,1294,0.94,250
6/27/2013,1294,1291,1290,1291,-0.23,230
6/30/2013,1291,1290,1280,1290,-0.08,3085
7/1/2013,1290,1299,1290,1291,0.08,258
7/2/2013,1291,1300,1299,1299,0.62,1266
7/3/2013,1299,1313,1300,1300,0.08,562
7/4/2013,1300,1305,1290,1300,0,1335
7/7/2013,1300,1326,1300,1326,2,1922
7/8/2013,1326,1325,1310,1325,-0.08,401
7/9/2013,1325,1340,1340,1340,1.13,165
7/10/2013,1340,1385,1360,1385,3.36,910
7/11/2013,1385,1385,1380,1380,-0.36,105
7/15/2013,1380,1425,1400,1425,3.26,250
7/16/2013,1425,1450,1430,1432,0.49,1258
7/17/2013,1432,1480,1450,1480,3.35,929
7/18/2013,1480,1534,1474,1534,3.65,965
7/21/2013,1534,1600,1564,1599,4.24,1249
7/22/2013,1599,1656,1610,1620,1.31,2441
7/23/2013,1620,1645,1615,1641,1.3,990
7/24/2013,1641,1660,1650,1652,0.67,1086
7/25/2013,1652,1700,1652,1652,0,265
7/28/2013,1652,1735,1685,1735,5.02,2247
7/29/2013,1735,1750,1720,1735,0,2029
7/30/2013,1735,1780,1710,1780,2.59,2798
7/31/2013,1780,1855,1750,1818,2.13,1304
8/1/2013,1818,1854,1770,1770,-2.64,4058
8/4/2013,1770,1780,1740,1740,-1.69,3745
8/5/2013,1740,1706,1662,1662,-4.48,2981
8/6/2013,1662,1701,1600,1701,2.35,4910
8/7/2013,1701,1725,1700,1725,1.41,2817
8/8/2013,1725,1759,1725,1759,1.97,6265
8/11/2013,1759,1769,1745,1769,0.57,1438
8/12/2013,1769,1856,1769,1856,4.92,13345
8/13/2013,1856,1880,1850,1860,0.22,2096
8/14/2013,1860,1860,1850,1850,-0.54,1253
8/15/2013,1850,1865,1849,1860,0.54,3510
8/18/2013,1860,1860,1840,1860,0,2110
8/19/2013,1860,1836,1800,1820,-2.15,1208
8/20/2013,1820,1840,1790,1840,1.1,2894
8/25/2013,1840,1829,1770,1829,-0.6,8826
8/26/2013,1829,1815,1766,1810,-1.04,1386
8/27/2013,1810,1830,1815,1815,0.28,1044
8/29/2013,1815,1820,1785,1820,0.28,1397
9/1/2013,1820,1856,1802,1856,1.98,2840
9/2/2013,1856,1845,1826,1843,-0.7,2415
9/3/2013,1843,1849,1830,1848,0.27,1185
9/4/2013,1848,1845,1815,1830,-0.97,2681
9/5/2013,1830,1810,1800,1810,-1.09,1252
9/8/2013,1810,1820,1800,1810,0,702
9/9/2013,1810,1865,1810,1865,3.04,1545
9/10/2013,1865,1860,1828,1860,-0.27,645
9/11/2013,1860,1897,1801,1897,1.99,3451
9/12/2013,1897,1930,1892,1929,1.69,1047
9/15/2013,1929,2010,1929,2010,4.2,1480
9/16/2013,2010,2100,1988,2100,4.48,2995
9/17/2013,2100,2245,2080,2200,4.76,4191
9/19/2013,2200,2175,2060,2101,-4.5,1504
9/22/2013,2101,2100,2010,2010,-4.33,1272
9/23/2013,2010,2010,1931,1990,-1,1272
9/24/2013,1990,2023,1960,2023,1.66,1870
9/25/2013,2023,2028,1983,2028,0.25,3070
9/26/2013,2028,2054,1980,2039,0.54,1957
9/29/2013,2039,2060,2019,2060,1.03,560
9/30/2013,2060,2100,2058,2080,0.97,1590
10/1/2013,2080,2095,2080,2095,0.72,293
10/2/2013,2095,2135,2100,2102,0.33,4323
10/3/2013,2102,2100,2050,2075,-1.28,1519
10/6/2013,2075,2109,2071,2100,1.2,907
10/7/2013,2100,2129,2095,2106,0.29,1609
10/8/2013,2106,2150,2140,2150,2.09,639
10/9/2013,2150,2170,2080,2170,0.93,10451
10/10/2013,2170,2175,2170,2170,0,1054
10/20/2013,2170,2210,2200,2200,1.38,275
10/21/2013,2200,2222,2200,2201,0.05,714
10/22/2013,2201,2239,2180,2239,1.73,1034
10/23/2013,2239,2249,2201,2201,-1.7,1318
10/24/2013,2201,2225,2157,2225,1.09,7321
10/27/2013,2225,2210,2210,2210,-0.67,76
10/28/2013,2210,2210,2200,2205,-0.23,498
10/29/2013,2205,2212,2200,2210,0.23,414
10/30/2013,2210,2220,2210,2220,0.45,627
10/31/2013,2220,2300,2220,2300,3.6,1189
11/6/2013,2300,2280,2255,2280,-0.87,341
11/7/2013,2280,2300,2266,2300,0.88,1599
11/10/2013,2300,2308,2300,2308,0.35,217
11/11/2013,2308,2370,2325,2370,2.69,471
11/12/2013,2370,2400,2320,2400,1.27,3914
11/13/2013,2400,2479,2405,2479,3.29,3432
11/14/2013,2479,2500,2450,2450,-1.17,1228
11/21/2013,2450,2695,2499,2695,10,638
11/24/2013,2695,2964,2748,2964,9.98,665
11/25/2013,2964,3060,2895,2940,-0.81,2152
11/26/2013,2940,2958,2900,2930,-0.34,142
11/27/2013,2930,2930,2865,2865,-2.22,625
11/28/2013,2865,2922,2865,2865,0,731
12/1/2013,2865,2900,2879,2895,1.05,937
12/2/2013,2895,2904,2860,2860,-1.21,413
12/3/2013,2860,2915,2890,2900,1.4,400
12/4/2013,2900,2975,2900,2956,1.93,1360
12/5/2013,2956,3060,2950,3005,1.66,1706
12/8/2013,3005,3050,2990,3001,-0.13,1244
12/9/2013,3001,3005,2930,2930,-2.37,896
12/10/2013,2930,2958,2815,2958,0.96,2626
12/11/2013,2958,3020,2960,3020,2.1,5581
12/12/2013,3020,3086,3030,3065,1.49,2131
12/15/2013,3065,3111,3040,3090,0.82,3913
12/16/2013,3090,3130,3060,3130,1.29,765
12/18/2013,3130,3150,3130,3150,0.64,550
12/19/2013,3150,3350,3140,3280,4.13,3960
12/22/2013,3280,3400,3234,3350,2.13,2186
12/23/2013,3350,3550,3350,3510,4.78,1830
12/24/2013,3510,3640,3580,3640,3.7,2223
12/26/2013,3640,3700,3626,3650,0.27,477
12/29/2013,3650,3600,3500,3506,-3.95,2362
12/31/2013,3506,3576,3450,3508,0.06,1797
1/1/2014,3508,3490,3301,3340,-4.79,760
1/2/2014,3340,3450,3240,3450,3.29,966
1/5/2014,3450,3425,3381,3381,-2,810
1/6/2014,3381,3360,3314,3330,-1.51,288
1/7/2014,3330,3450,3300,3371,1.23,1267
1/8/2014,3371,3519,3304,3519,4.39,4737
1/9/2014,3519,3570,3420,3500,-0.54,7831
1/12/2014,3500,3570,3450,3500,0,3283
1/13/2014,3500,3590,3450,3525,0.71,4216
1/14/2014,3525,3575,3520,3550,0.71,5243
1/16/2014,3550,3610,3500,3590,1.13,6339
1/19/2014,3590,3600,3560,3561,-0.81,7495
1/20/2014,3561,3610,3570,3590,0.81,1207
1/21/2014,3590,3600,3555,3590,0,6746
1/22/2014,3590,3661,3570,3630,1.11,6815
1/23/2014,3630,3680,3580,3600,-0.83,6146
1/26/2014,3600,3700,3640,3685,2.36,5836
1/27/2014,3685,3745,3700,3700,0.41,5185
1/28/2014,3700,3720,3650,3700,0,4186
1/29/2014,3700,3700,3700,3700,0,4776
2/2/2014,3700,3750,3660,3700,0,9488
2/3/2014,3700,3725,3700,3725,0.68,1296
2/4/2014,3725,3710,3690,3690,-0.94,767
2/5/2014,3690,3740,3682,3700,0.27,836
2/6/2014,3700,3750,3690,3700,0,5653
2/9/2014,3700,3810,3700,3810,2.97,3140
2/10/2014,3810,3963,3886,3900,2.36,4135
2/11/2014,3900,3900,3800,3900,0,1602
2/12/2014,3900,4050,3900,4050,3.85,2898
2/13/2014,4050,4130,3970,4100,1.23,1256
2/16/2014,4100,4145,4051,4120,0.49,1368
2/17/2014,4120,4293,4102,4250,3.16,2474
2/18/2014,4250,4401,4290,4381,3.08,2191
2/20/2014,4381,4570,4360,4527,3.33,10674
2/23/2014,4527,4920,4600,4875,7.69,1041
2/24/2014,4875,4925,4458,4460,-8.51,5972
2/25/2014,4460,4499,4322,4495,0.78,6185
2/26/2014,4495,4550,4460,4520,0.56,6352
3/3/2014,4520,4550,4498,4498,-0.49,5733
3/4/2014,4498,4475,4430,4430,-1.51,2220
3/5/2014,4430,4480,4410,4480,1.13,2012
3/6/2014,4480,4600,4500,4600,2.68,2448
3/9/2014,4600,4600,4540,4592,-0.17,1419
3/10/2014,4592,4650,4525,4625,0.72,2971
3/11/2014,4625,4575,4501,4525,-2.16,4059
3/12/2014,4525,4600,4501,4525,0,3930
3/13/2014,4525,4693,4525,4693,3.71,6151
3/17/2014,4693,4650,4600,4600,-1.98,6751
3/18/2014,4600,4625,4490,4550,-1.09,5276
3/19/2014,4550,4560,4530,4540,-0.22,5714
3/20/2014,4540,4600,4530,4600,1.32,6502
3/23/2014,4600,4600,4508,4590,-0.22,6201
3/24/2014,4590,4730,4600,4600,0.22,11240
3/25/2014,4600,4660,4600,4650,1.09,7430
3/26/2014,4650,4701,4580,4700,1.08,9154
3/27/2014,4700,4800,4650,4800,2.13,7820
3/31/2014,4800,5100,4800,5099,6.23,7148
4/1/2014,5099,5109,5000,5055,-0.86,5411
4/2/2014,5055,5070,5000,5050,-0.1,9493
4/3/2014,5050,5020,4970,5020,-0.59,1290
4/6/2014,5020,5300,5050,5210,3.78,10885
4/7/2014,5210,5402,5150,5200,-0.19,6329
4/9/2014,5200,5225,5170,5184,-0.31,5537
4/10/2014,5184,5200,5130,5151,-0.64,2293
4/13/2014,5151,5254,5101,5174,0.45,3553
4/15/2014,5174,5200,5151,5200,0.5,3325
4/16/2014,5200,5200,5150,5150,-0.96,922
4/17/2014,5150,5355,5100,5355,3.98,2494
4/20/2014,5355,5300,5200,5200,-2.89,530
4/21/2014,5200,5150,5130,5130,-1.35,1070
4/22/2014,5130,5232,5100,5232,1.99,1915
4/23/2014,5232,5420,5100,5400,3.21,12008
4/27/2014,5400,5550,5400,5550,2.78,1638
4/28/2014,5550,5755,5550,5650,1.8,4103
4/29/2014,5650,5725,5550,5670,0.35,5366
4/30/2014,5670,5760,5570,5650,-0.35,13544
5/6/2014,3656,3656,3390,3656,0,1496
5/7/2014,3656,4021,3729,4021,9.98,7821
5/8/2014,4021,4183,3900,3905,-2.88,2079
5/11/2014,3905,3910,3800,3800,-2.69,225
5/12/2014,3800,4010,3870,3870,1.84,1020
5/13/2014,3870,3900,3800,3800,-1.81,4273
5/15/2014,3800,3800,3724,3798,-0.05,855
5/18/2014,3798,3873,3714,3873,1.97,560
5/19/2014,3873,3870,3724,3870,-0.08,310
5/20/2014,3870,3815,3685,3815,-1.42,1293
5/21/2014,3815,3817,3770,3817,0.05,907
5/22/2014,3817,3810,3750,3810,-0.18,451
5/25/2014,3810,3750,3650,3700,-2.89,909
5/26/2014,3700,3680,3601,3605,-2.57,1425
5/27/2014,3605,3700,3610,3660,1.53,2532
5/28/2014,3660,3820,3600,3820,4.37,631
6/1/2014,3820,3795,3641,3641,-4.69,1382
6/2/2014,3641,3837,3560,3837,5.38,7275
6/3/2014,3837,3761,3612,3760,-2.01,4924
6/4/2014,3760,3760,3601,3640,-3.19,1888
6/5/2014,3640,3660,3575,3660,0.55,1922
6/8/2014,3660,3600,3541,3550,-3.01,2100
6/9/2014,3550,3596,3535,3540,-0.28,1491
6/10/2014,3540,3535,3526,3530,-0.28,400
6/11/2014,3530,3610,3530,3550,0.57,2962
6/12/2014,3550,3600,3550,3565,0.42,3379
6/15/2014,3565,3630,3565,3580,0.42,920
6/16/2014,3580,3672,3550,3672,2.57,4650
6/17/2014,3672,3660,3545,3560,-3.05,2073
6/18/2014,3560,3700,3550,3680,3.37,1205
6/19/2014,3680,3700,3650,3670,-0.27,802
6/23/2014,3670,3670,3610,3670,0,1541
6/24/2014,3670,3729,3699,3720,1.36,2397
6/25/2014,3720,3750,3700,3740,0.54,1001
6/26/2014,3740,3850,3700,3825,2.27,4780
6/29/2014,3825,3870,3750,3850,0.65,1686
6/30/2014,3850,3900,3783,3900,1.3,5851
7/1/2014,3900,4225,3930,4182,7.23,4097
7/2/2014,4182,4426,4190,4350,4.02,8039
7/3/2014,4350,4420,4205,4314,-0.83,2712
7/6/2014,4314,4448,4320,4444,3.01,6844
7/7/2014,4444,4550,4460,4500,1.26,4265
7/8/2014,4500,4520,4480,4500,0,1928
7/9/2014,4500,4412,4225,4309,-4.24,365
7/10/2014,4309,4310,4225,4255,-1.25,5647
7/13/2014,4255,4335,4250,4300,1.06,857
7/14/2014,4300,4314,4220,4314,0.33,1038
7/15/2014,4314,4400,4310,4380,1.53,3320
7/16/2014,4380,4400,4321,4351,-0.66,872
7/17/2014,4351,4450,4361,4361,0.23,2816
7/20/2014,4361,4533,4440,4500,3.19,2265
7/21/2014,4500,4565,4480,4560,1.33,2203
7/22/2014,4560,4540,4480,4540,-0.44,867
7/23/2014,4540,4510,4450,4450,-1.98,1161
7/24/2014,4450,4530,4400,4400,-1.12,1314
7/27/2014,4400,4540,4400,4451,1.16,1775
7/28/2014,4451,4499,4450,4450,-0.02,68
7/30/2014,4450,4450,4380,4400,-1.12,1134
7/31/2014,4400,4500,4400,4500,2.27,945
8/3/2014,4500,4532,4480,4480,-0.44,1542
8/4/2014,4480,4490,4450,4450,-0.67,568
8/5/2014,4450,4521,4470,4470,0.45,567
8/6/2014,4470,4505,4460,4500,0.67,1878
8/7/2014,4500,4500,4410,4488,-0.27,2849
8/12/2014,4488,4425,4420,4425,-1.4,80
8/13/2014,4425,4475,4449,4475,1.13,928
8/14/2014,4475,4520,4460,4520,1.01,1991
8/18/2014,4520,4610,4465,4465,-1.22,4654
8/19/2014,4465,4510,4477,4500,0.78,2215
8/20/2014,4500,4495,4400,4400,-2.22,1827
8/21/2014,4400,4312,4142,4302,-2.23,1259
8/24/2014,4302,4300,4200,4230,-1.67,423
8/25/2014,4230,4146,3963,3963,-6.31,130
8/26/2014,3963,4042,3760,3760,-5.12,1218
8/27/2014,3760,4136,3790,4002,6.44,2382
8/28/2014,4002,4230,4082,4146,3.6,678
8/31/2014,4146,4100,3920,3990,-3.76,1266
9/1/2014,3990,3990,3911,3911,-1.98,400
9/3/2014,3911,3905,3810,3810,-2.58,2182
9/4/2014,3810,3770,3700,3750,-1.57,2034
9/7/2014,3750,3750,3580,3580,-4.53,2289
9/9/2014,3580,3775,3650,3702,3.41,809
9/10/2014,3702,3851,3750,3750,1.3,1771
9/11/2014,3750,3715,3700,3715,-0.93,940
9/14/2014,3715,3750,3715,3750,0.94,1411
9/15/2014,3750,3850,3800,3850,2.67,450
9/16/2014,3850,3920,3825,3920,1.82,3854
9/17/2014,3920,3939,3842,3875,-1.15,1276
9/18/2014,3875,3850,3850,3850,-0.65,20
9/21/2014,3810,3785,3720,3732,-2.05,1321
9/22/2014,3732,3702,3660,3700,-0.86,2849
9/23/2014,3700,3790,3725,3765,1.76,1911
9/24/2014,3765,3850,3771,3850,2.26,536
9/28/2014,3850,3978,3900,3978,3.32,196
9/29/2014,3978,4264,4040,4245,6.71,1045
9/30/2014,4245,4420,4200,4260,0.35,1425
10/8/2014,4260,4295,4130,4130,-3.05,523
10/9/2014,4130,4150,4130,4150,0.48,208
10/12/2014,4150,4080,3980,3999,-3.64,1548
10/13/2014,3999,4020,3900,4000,0.03,868
10/14/2014,4000,4050,4000,4030,0.75,738
10/15/2014,4030,4139,4050,4070,0.99,528
10/16/2014,4070,4200,4100,4184,2.8,2017
10/19/2014,4184,4260,4130,4260,1.82,1016
10/20/2014,4260,4300,4240,4260,0,973
10/21/2014,4260,4270,4190,4200,-1.41,2468
10/22/2014,4200,4280,4130,4250,1.19,3593
10/26/2014,4250,4300,4225,4250,0,780
10/27/2014,4250,4435,4250,4400,3.53,5273
10/28/2014,4400,4430,4390,4400,0,2841
10/30/2014,4400,4480,4405,4450,1.14,1384
11/2/2014,4450,4510,4460,4465,0.34,1990
11/3/2014,4465,4400,4300,4316,-3.34,1721
11/4/2014,4316,4290,4201,4225,-2.11,2768
11/5/2014,4225,4300,4175,4269,1.04,2779
11/6/2014,4269,4300,4200,4230,-0.91,4667
11/9/2014,4230,4235,4170,4180,-1.18,1318
11/10/2014,4180,4161,4105,4161,-0.45,1711
11/11/2014,4161,4162,4000,4162,0.02,5520
11/12/2014,4162,4199,4130,4130,-0.77,473
11/13/2014,4130,4170,4048,4125,-0.12,3836
11/16/2014,4125,4149,4000,4000,-3.03,5358
11/17/2014,4000,4000,3927,4000,0,1209
11/18/2014,4000,4000,3871,3990,-0.25,4426
11/19/2014,3990,4004,3920,4004,0.35,4121
11/20/2014,4004,4010,3990,4010,0.15,2704
11/23/2014,4010,4105,4000,4000,-0.25,6176
11/24/2014,4000,4020,3961,4000,0,3544
11/25/2014,4000,4000,3970,3985,-0.38,530
11/30/2014,3985,3994,3935,3950,-0.88,3086
12/1/2014,3950,3941,3890,3900,-1.27,2080
12/2/2014,3900,3895,3800,3895,-0.13,2189
12/3/2014,3895,3935,3870,3870,-0.64,1123
12/4/2014,3870,3930,3820,3830,-1.03,3621
12/7/2014,3830,3869,3829,3869,1.02,1413
12/8/2014,3869,3880,3800,3801,-1.76,2532
12/9/2014,3801,3840,3771,3790,-0.29,7280
12/10/2014,3790,3860,3790,3796,0.16,1824
12/11/2014,3796,3850,3800,3820,0.63,2048
12/14/2014,3820,4000,3896,3950,3.4,1779
12/15/2014,3950,4029,3900,3960,0.25,2102
12/17/2014,3960,3905,3890,3901,-1.49,3290
12/18/2014,3901,4000,3950,3970,1.77,1742
12/21/2014,3970,4000,3968,3997,0.68,1500
12/22/2014,3997,4030,3850,3980,-0.43,2796
12/23/2014,3980,3988,3901,3980,0,575
12/24/2014,3980,4015,3970,3991,0.28,2667
12/28/2014,3991,4051,3993,4051,1.5,1416
12/29/2014,4051,4073,4040,4060,0.22,1284
12/31/2014,4060,4085,4055,4062,0.05,1957
1/1/2015,4062,4130,4070,4072,0.25,1799
1/4/2015,4072,4245,4050,4245,4.25,3245
1/5/2015,4245,4330,4216,4299,1.27,4651
1/6/2015,4299,4346,4256,4346,1.09,3497
1/7/2015,4346,4400,4280,4400,1.24,3772
1/8/2015,4400,4500,4330,4400,0,2505
1/11/2015,4400,4505,4420,4460,1.36,4819
1/12/2015,4460,4420,4374,4408,-1.17,1522
1/13/2015,4408,4595,4360,4595,4.24,2137
1/14/2015,4595,4600,4500,4539,-1.22,3418
1/18/2015,4539,4605,4535,4540,0.02,3960
1/19/2015,4540,4721,4475,4590,1.1,6378
1/20/2015,4590,4575,4510,4510,-1.74,745
1/22/2015,4510,4525,4470,4525,0.33,1187
1/25/2015,4525,4570,4525,4525,0,1744
1/26/2015,4525,4575,4500,4544,0.42,2045
1/27/2015,4544,4539,4510,4535,-0.2,778
1/28/2015,4535,4550,4525,4540,0.11,1615
1/29/2015,4540,4574,4520,4535,-0.11,1057
2/1/2015,4535,4510,4490,4510,-0.55,1368
2/2/2015,4510,4530,4500,4510,0,2454
2/3/2015,4510,4520,4480,4500,-0.22,1839
2/4/2015,4500,4520,4490,4490,-0.22,1859
2/5/2015,4490,4495,4460,4480,-0.22,1343
2/8/2015,4480,4525,4500,4520,0.89,3190
2/9/2015,4520,4550,4500,4500,-0.44,1963
2/10/2015,4500,4550,4511,4529,0.64,2494
2/11/2015,4529,4560,4455,4547,0.4,2430
2/12/2015,4547,4563,4530,4555,0.18,3794
2/15/2015,4555,4650,4570,4620,1.43,1084
2/16/2015,4620,4660,4600,4625,0.11,2223
2/19/2015,4625,4650,4600,4635,0.22,1660
2/22/2015,4635,4700,4650,4685,1.08,7642
2/23/2015,4685,4700,4685,4685,0,1779
2/24/2015,4685,4689,4650,4668,-0.36,852
2/25/2015,4668,4780,4660,4689,0.45,1347
3/1/2015,4820,4850,4800,4801,-0.39,422
3/2/2015,4801,4890,4795,4890,1.85,1826
3/3/2015,4890,4850,4800,4820,-1.43,1759
3/4/2015,4820,4900,4800,4900,1.66,2980
3/9/2015,4900,4998,4850,4860,-0.82,1677
3/10/2015,4860,4815,4763,4795,-1.34,2301
3/11/2015,4795,4794,4700,4794,-0.02,441
3/12/2015,4794,4700,4641,4641,-3.19,1582
3/15/2015,4641,4600,4510,4510,-2.82,1091
3/16/2015,4510,4580,4460,4540,0.67,1138
3/17/2015,4540,4540,4515,4540,0,381
3/18/2015,4540,4675,4545,4675,2.97,836
3/19/2015,4675,4700,4645,4650,-0.53,1913
3/22/2015,4650,4640,4620,4620,-0.65,376
3/23/2015,4620,4600,4500,4520,-2.16,1510
3/24/2015,4520,4500,4465,4465,-1.22,263
3/25/2015,4465,4550,4450,4545,1.79,4531
3/26/2015,4545,4590,4550,4551,0.13,9099
3/29/2015,4551,4550,4510,4530,-0.46,2040
3/30/2015,4530,4485,4475,4480,-1.1,1434
3/31/2015,4480,4549,4480,4540,1.34,2646
4/1/2015,4540,4520,4460,4490,-1.1,1685
4/2/2015,4490,4500,4444,4500,0.22,299
4/5/2015,4500,4530,4465,4485,-0.33,1620
4/6/2015,4485,4650,4480,4485,0,12691
4/7/2015,4485,4530,4450,4460,-0.56,10203
4/8/2015,4460,4570,4375,4381,-1.77,10171
4/9/2015,4381,4420,4325,4400,0.43,8365
4/12/2015,4400,4555,4434,4435,0.8,3139
4/13/2015,4435,4441,4409,4413,-0.5,4545
4/15/2015,4413,4405,4320,4374,-0.88,2366
4/16/2015,4374,4399,4342,4365,-0.21,3218
4/19/2015,4365,4388,4350,4375,0.23,3015
4/20/2015,4375,4376,4340,4345,-0.69,2476
4/21/2015,4345,4400,4240,4240,-2.42,5370
4/22/2015,4240,4280,4230,4230,-0.24,1448
4/23/2015,4190,4200,4050,4101,-2.12,14331
5/24/2015,4101,4019,3691,3691,-10,1357
5/25/2015,3691,3618,3380,3592,-2.68,19744
5/26/2015,2245,2425,2245,2389,6.46,2528
5/27/2015,2390,2360,2310,2355,-1.46,1385
5/28/2015,2355,2390,2350,2375,0.85,2151
5/31/2015,2375,2450,2400,2418,1.81,2436
6/1/2015,2418,2526,2465,2505,3.6,3129
6/2/2015,2505,2755,2500,2755,9.98,3959
6/3/2015,2755,2923,2770,2801,1.67,6661
6/4/2015,2801,2910,2780,2830,1.04,4539
6/7/2015,2830,2885,2815,2816,-0.53,3453
6/8/2015,2815,2870,2810,2840,0.89,6791
6/9/2015,2840,2975,2842,2890,1.76,7031
6/10/2015,2890,2850,2810,2811,-2.73,1970
6/11/2015,2811,2810,2751,2757,-1.92,899
6/14/2015,2757,2770,2675,2700,-2.07,2392
6/15/2015,2700,2760,2700,2746,1.7,12898
6/16/2015,2746,2809,2750,2760,0.51,3444
6/17/2015,2760,2800,2750,2750,-0.36,2045
6/18/2015,2750,2785,2710,2745,-0.18,2517
6/21/2015,2745,2730,2706,2715,-1.09,2945
6/22/2015,2700,2750,2700,2722,0.26,7004
6/23/2015,2776,2790,2736,2736,0.51,4700
6/24/2015,2784,2784,2740,2751,0.55,3580
6/25/2015,2751,2780,2751,2761,0.33,4951
6/28/2015,2779,2811,2775,2800,1.45,13923
6/29/2015,2856,2960,2855,2900,3.57,17446
6/30/2015,2900,2910,2855,2898,0,14487
7/1/2015,2930,2935,2880,2909,0.31,9759
7/2/2015,2881,2900,2875,2890,-0.65,2366
7/5/2015,2900,2905,2885,2900,0.35,3540
7/6/2015,2899,2903,2878,2890,-0.34,4955
7/7/2015,2880,2895,2880,2880,-0.35,1981
7/8/2015,2899,2901,2870,2896,0.56,2181
7/9/2015,2890,2891,2880,2889,-0.24,2970
7/12/2015,2889,2890,2870,2886,-0.1,2028
7/13/2015,2886,2900,2882,2882,-0.14,2087
7/14/2015,2880,2885,2874,2879,-0.1,1494
7/15/2015,2884,2886,2873,2886,0.21,2666
7/16/2015,2885,2894,2875,2886,0.03,3813
7/22/2015,2900,2904,2894,2898,0.42,12651
7/23/2015,2898,2958,2895,2958,2.07,5524
7/26/2015,2958,3253,3017,3253,9.97,585
7/27/2015,3253,3253,2970,3000,-7.78,9071
7/28/2015,3000,3060,2985,3000,0,2207
7/29/2015,3000,3000,2980,2981,-0.67,3390
7/30/2015,2980,3015,2980,3000,0.67,9829
8/2/2015,3000,3001,2995,3000,0,1239
8/3/2015,3000,3009,2991,3009,0.3,8301
8/4/2015,3009,3035,3000,3030,0.7,3148
8/5/2015,3030,3170,3020,3150,4.62,4174
8/6/2015,3170,3230,3170,3200,0.95,10176
8/9/2015,3200,3264,3200,3210,0.31,4706
8/10/2015,3210,3271,3216,3255,1.4,4358
8/11/2015,3255,3300,3225,3245,-0.31,2229
8/12/2015,3260,3300,3240,3250,0.15,5093
8/13/2015,3240,3250,3235,3240,-0.31,3486
8/16/2015,3270,3270,3249,3250,0.31,1879
8/17/2015,3200,3259,3200,3255,0.15,6562
8/18/2015,3259,3290,3230,3240,-0.46,6991
8/19/2015,3235,3290,3227,3285,1.39,4122
8/20/2015,3305,3345,3287,3300,0.46,4661
8/23/2015,3300,3364,3250,3280,-0.61,4841
8/24/2015,3340,3385,3340,3370,2.74,4128
8/25/2015,3350,3350,3303,3340,-0.89,530
8/26/2015,3375,3390,3353,3370,0.9,810
8/27/2015,3400,3501,3376,3490,3.56,3052
8/31/2015,3559,3839,3559,3839,10,6391
9/1/2015,3839,4000,3850,3860,0.55,3677
9/2/2015,3855,3875,3720,3722,-3.58,1344
9/3/2015,3700,3700,3610,3630,-2.47,1528
9/6/2015,3560,3700,3550,3605,-0.69,1521
9/7/2015,3581,3652,3581,3610,0.14,851
9/8/2015,3580,3650,3580,3650,1.11,820
9/9/2015,3600,3630,3590,3600,-1.37,3013
9/10/2015,3600,3600,3540,3540,-1.67,1437
9/13/2015,3540,3580,3510,3575,0.99,2218
9/14/2015,3600,3625,3571,3595,0.56,2580
9/15/2015,3650,3650,3580,3595,0,2873
9/16/2015,3600,3610,3571,3600,0.14,1600
9/17/2015,3550,3550,3530,3550,-1.39,579
9/22/2015,3480,3549,3400,3400,-4.23,4705
9/23/2015,3468,3537,3468,3500,2.94,2252
9/24/2015,3460,3470,3445,3450,-1.43,3072
9/28/2015,3381,3455,3328,3360,-2.61,3157
9/29/2015,3360,3400,3360,3362,0.06,4190
9/30/2015,3362,3402,3362,3400,1.13,2980
10/1/2015,3400,3400,3372,3395,-0.15,4161
10/4/2015,3351,3420,3351,3410,0.44,3128
10/5/2015,3450,3450,3320,3320,-2.64,5217
10/6/2015,3320,3350,3296,3312,-0.24,8359
10/7/2015,3290,3295,3186,3275,-1.24,3830
10/8/2015,3250,3366,3240,3366,2.9,14203
10/11/2015,3300,3340,3300,3340,-0.77,1668
10/14/2015,3310,3310,3253,3275,-1.95,2488
10/15/2015,3250,3300,3220,3274,-0.03,2209
10/18/2015,3250,3280,3231,3260,-0.43,1397
10/19/2015,3250,3300,3250,3296,1.1,1760
10/25/2015,3235,3250,3225,3245,-1.4,1260
10/27/2015,3188,3200,3140,3170,-2.46,2178
10/28/2015,3110,3162,3040,3162,-0.25,5626
10/29/2015,3101,3225,3101,3150,-0.38,3747
11/1/2015,3150,3160,3100,3160,0.32,3452
11/2/2015,3199,3240,3180,3199,1.23,2573
11/3/2015,3140,3140,3112,3140,-1.84,868
11/4/2015,3125,3198,3125,3195,2.5,746
11/5/2015,3202,3202,3150,3150,-1.5,1893
11/8/2015,3150,3150,3111,3121,-1.24,3250
11/9/2015,3110,3213,3110,3190,2.86,2142
11/10/2015,3195,3200,3175,3199,-0.03,2099
11/15/2015,3160,3185,3160,3185,-0.44,1500
11/16/2015,3200,3200,3140,3140,-1.41,1483
11/18/2015,3175,3175,3141,3143,0.09,3176
11/19/2015,3145,3145,3101,3125,-0.57,3990
11/22/2015,3075,3075,3000,3020,-3.36,4696
11/23/2015,2975,3015,2917,3012,-0.26,3650
11/24/2015,3015,3015,2981,2991,-0.7,4807
11/25/2015,2932,2975,2916,2945,-1.54,2080
11/26/2015,2920,2920,2842,2880,-2.21,14877
11/29/2015,2840,2840,2800,2800,-2.6,3995
11/30/2015,2861,2950,2850,2850,1.6,1279
12/1/2015,2850,2978,2875,2978,4.49,5592
12/2/2015,2925,3000,2915,2975,-0.1,2937
12/3/2015,2980,3095,2980,3030,1.85,4077
12/4/2015,3090,3190,3080,3180,4.95,5382
12/7/2015,3180,3240,3180,3190,0.31,7973
12/8/2015,3218,3220,3175,3193,0.09,6582
12/9/2015,3200,3220,3190,3220,0.85,6696
12/10/2015,3230,3250,3181,3215,-0.31,3445
12/13/2015,3250,3300,3250,3251,1.28,4261
12/14/2015,3240,3299,3233,3295,1.35,2487
12/15/2015,3360,3515,3360,3425,3.95,13046
12/16/2015,3479,3479,3300,3350,-2.19,9930
12/17/2015,3320,3330,3300,3312,-1.13,2795
12/20/2015,3312,3331,3246,3300,-0.36,2715
12/21/2015,3300,3350,3305,3330,0.91,2146
12/22/2015,3360,3380,3345,3380,1.5,1402
12/23/2015,3380,3368,3350,3350,-0.89,1826
12/24/2015,3310,3365,3310,3350,0,2002
12/25/2015,3315,3330,3300,3320,-0.84,2531
12/28/2015,3322,3350,3312,3321,-0.03,3076
12/29/2015,3321,3350,3310,3345,0.72,2740
12/31/2015,3400,3430,3380,3400,1.79,2262
1/3/2016,3450,3515,3440,3474,2.06,6223
1/4/2016,3475,3520,3410,3461,-0.4,1661
1/5/2016,3400,3425,3315,3400,-1.76,2070
1/6/2016,3370,3370,3350,3369,-0.91,2218
1/7/2016,3369,3400,3366,3366,-0.09,2805
1/10/2016,3366,3366,3340,3350,-0.48,9768
1/11/2016,3340,3350,3321,3333,-0.51,3398
1/12/2016,3320,3325,3280,3320,-0.39,3463
1/13/2016,3320,3320,3300,3300,-0.6,3013
1/14/2016,3320,3355,3300,3301,0.03,6516
1/17/2016,3360,3430,3321,3400,3,3023
1/18/2016,3411,3411,3370,3380,-0.59,580
1/19/2016,3400,3400,3332,3345,-1.03,1626
1/20/2016,3340,3340,3300,3300,-1.35,3434
1/21/2016,3300,3340,3300,3300,0,8791
1/24/2016,3300,3310,3291,3305,0.15,4169
1/25/2016,3320,3329,3310,3320,0.45,6112
1/26/2016,3320,3320,3300,3300,-0.6,16524
1/27/2016,3300,3305,3291,3291,-0.27,4246
1/28/2016,3300,3300,3265,3272,-0.58,4360
1/31/2016,3272,3290,3270,3270,-0.06,4576
2/1/2016,3270,3290,3270,3285,0.46,1450
2/2/2016,3299,3299,3220,3274,-0.33,2942
2/3/2016,3274,3264,3218,3229,-1.37,6604
2/4/2016,3200,3215,3186,3210,-0.59,11236
2/7/2016,3210,3280,3195,3200,-0.31,7726
2/8/2016,3200,3239,3201,3235,1.09,2383
2/11/2016,3235,3250,3220,3225,-0.31,3125
2/14/2016,3232,3236,3197,3197,-0.87,6612
2/15/2016,3175,3200,3145,3180,-0.66,2001
2/16/2016,3176,3200,3176,3190,0.44,1313
2/17/2016,3190,3200,3180,3188,-0.06,5192
2/18/2016,3188,3189,3156,3164,-0.75,4416
2/21/2016,3198,3198,3166,3166,0.06,1712
2/22/2016,3200,3200,3160,3175,0.28,1229
2/23/2016,3175,3200,3150,3150,-0.79,8527
2/24/2016,3150,3160,3133,3160,0.32,1086
2/25/2016,3150,3160,3055,3160,0,1978
2/28/2016,3160,3160,3111,3111,-1.55,1017
2/29/2016,3111,3140,3116,3116,0.16,1657
3/1/2016,3140,3155,3125,3130,0.45,1510
3/2/2016,3155,3200,3100,3101,-0.96,1296
3/3/2016,3039,3146,3039,3123,0.74,2912
3/6/2016,3150,3172,3140,3160,1.18,2931
3/10/2016,3200,3223,3152,3160,0,3537
3/13/2016,3200,3205,3181,3198,1.2,8001
3/14/2016,3220,3261,3200,3220,0.69,7360
3/15/2016,3250,3250,3230,3250,0.93,1608
3/16/2016,3212,3270,3212,3270,0.62,9301
3/17/2016,3300,3517,3300,3501,7.03,12160
3/20/2016,3570,3850,3570,3850,10,26039
3/21/2016,3927,4166,3851,3860,0.26,23856
3/23/2016,3860,3900,3724,3869,0.23,10651
3/24/2016,3869,3905,3806,3825,-1.14,7420
3/27/2016,3825,3978,3850,3920,2.48,29377
3/28/2016,3920,3950,3842,3900,-0.51,18727
3/29/2016,3880,3887,3830,3870,-0.77,3973
3/30/2016,3870,4182,3700,3736,-3.46,24031
3/31/2016,3736,3682,3555,3600,-3.64,14647
4/3/2016,3600,3594,3503,3575,-0.69,5001
4/4/2016,3575,3640,3580,3635,1.68,3078
4/5/2016,3650,3670,3610,3615,-0.55,2970
4/6/2016,3615,3670,3626,3670,1.52,3628
4/10/2016,3670,3670,3600,3640,-0.82,1948
4/11/2016,3640,3610,3590,3600,-1.1,2119
4/12/2016,3600,3610,3586,3600,0,6833
4/14/2016,3600,3605,3599,3602,0.06,1884
4/17/2016,3601,3630,3591,3630,0.78,3848
4/18/2016,3630,3705,3650,3704,2.04,4874
4/19/2016,3704,3704,3675,3700,-0.11,2727
4/20/2016,3700,3700,3660,3673,-0.73,2709
4/21/2016,3673,3845,3700,3795,3.32,12828
4/24/2016,3795,3830,3795,3820,0.66,9640
4/25/2016,3820,3875,3822,3844,0.63,6058
4/26/2016,3844,3900,3840,3850,0.16,18751
4/27/2016,3850,3978,3820,3927,2,26957
4/28/2016,3142,3420,3204,3240,3.12,18639
5/2/2016,3240,3242,3230,3239,-0.03,3652
5/3/2016,3239,3235,3216,3235,-0.12,5745
5/4/2016,3235,3235,3200,3234,-0.03,4630
5/5/2016,3234,3255,3175,3217,-0.53,10592
5/8/2016,3217,3300,3230,3290,2.27,6530
5/9/2016,3300,3350,3299,3342,1.58,11635
5/10/2016,3276,3500,3276,3464,3.65,16066
5/11/2016,3464,3495,3412,3470,0.17,4408
5/12/2016,3452,3490,3451,3488,0.58,1788
5/15/2016,3480,3480,3432,3450,-1,2402
5/16/2016,3450,3430,3401,3416,-0.99,2636
5/17/2016,3400,3450,3400,3422,0.18,2199
5/18/2016,3422,3490,3400,3435,0.38,4119
5/19/2016,3435,3485,3440,3445,0.29,3412
5/22/2016,3445,3673,3510,3579,3.89,10390
5/23/2016,3579,3839,3590,3839,7.26,16802
5/24/2016,3839,3994,3763,3900,1.59,18764
5/25/2016,3900,3900,3800,3850,-1.28,13159
5/26/2016,3850,3874,3750,3874,0.62,13149
5/29/2016,3874,3951,3850,3855,-0.49,5460
5/30/2016,3855,3885,3840,3865,0.26,7516
5/31/2016,3865,3900,3840,3875,0.26,10022
6/1/2016,3875,3875,3792,3810,-1.68,2951
6/2/2016,3810,3815,3761,3796,-0.37,8663
6/5/2016,3796,3800,3675,3675,-3.19,4844
6/6/2016,3675,3825,3721,3815,3.81,6378
6/7/2016,3800,3850,3800,3833,0.47,7202
6/8/2016,3833,4120,3840,4080,6.44,32893
6/9/2016,4161,4488,4161,4488,10,54735
6/30/2016,4488,4936,4480,4595,2.38,39586
7/3/2016,4595,4510,4322,4400,-4.24,21829
7/4/2016,4400,4385,4280,4317,-1.89,9301
7/5/2016,4349,4349,4240,4240,-1.78,7710
7/6/2016,4275,4330,4255,4275,0.82,6898
7/10/2016,4275,4350,4275,4275,0,9076
7/11/2016,4275,4250,4140,4185,-2.11,6320
7/12/2016,4185,4160,3980,4100,-2.03,7899
7/13/2016,4100,4100,3940,4052,-1.17,4184
7/14/2016,4050,4075,4001,4007,-1.14,8155
7/17/2016,4006,4050,3999,4045,0.97,12973
7/18/2016,4045,4301,4001,4301,6.33,6224
7/19/2016,4350,4430,4125,4130,-3.98,2587
7/20/2016,4100,4100,4050,4052,-1.89,5470
7/21/2016,4052,4155,4025,4100,1.18,3812
7/25/2016,4100,4150,4070,4070,-0.73,3605
7/26/2016,4070,4151,4031,4040,-0.74,9554
7/27/2016,4040,4050,4003,4020,-0.5,2868
7/28/2016,4020,4101,4020,4027,0.17,6510
7/31/2016,4027,4050,4000,4025,-0.05,6202
8/1/2016,4025,4030,3995,4010,-0.37,3273
8/2/2016,4010,4010,3962,3962,-1.2,4572
8/3/2016,3962,3939,3876,3939,-0.58,2765
8/4/2016,3939,3930,3823,3823,-2.94,7108
8/7/2016,3823,3920,3800,3800,-0.6,3430
8/8/2016,3800,3730,3440,3440,-9.47,3805
8/9/2016,3508,3721,3508,3721,8.17,130
8/10/2016,3795,3905,3721,3900,4.94,12676
8/11/2016,3950,3950,3780,3850,-1.41,1804
8/14/2016,3927,4000,3700,3750,-2.6,4586
8/15/2016,3700,3750,3528,3600,-4,6074
8/16/2016,3672,3690,3575,3635,0.97,2421
8/17/2016,3600,3685,3600,3640,0.14,9395
8/21/2016,3650,3650,3600,3605,-0.96,1489
8/22/2016,3543,3543,3475,3480,-3.47,3171
8/23/2016,3411,3589,3411,3495,0.43,2943
8/24/2016,3564,3760,3480,3626,3.75,2200
8/28/2016,3630,3769,3600,3600,-0.72,2240
8/29/2016,3606,3695,3600,3660,1.67,2552
8/30/2016,3700,3700,3690,3690,0.82,4985
8/31/2016,3650,3725,3650,3725,0.95,1922
9/1/2016,3720,3720,3650,3705,-0.54,16040
9/4/2016,3631,3760,3631,3750,1.21,1972
9/5/2016,3750,3800,3725,3750,0,5356
9/6/2016,3799,3800,3720,3720,-0.8,2467
9/7/2016,3794,3794,3721,3721,0.03,1896
9/8/2016,3711,3740,3690,3690,-0.83,3622
9/11/2016,3680,3700,3676,3677,-0.35,947
9/12/2016,3700,3711,3695,3710,0.9,1726
9/14/2016,3699,3773,3699,3773,1.7,9200
9/18/2016,3830,3830,3762,3771,-0.05,2674
9/20/2016,3771,3900,3771,3880,2.94,15369
9/21/2016,3820,3899,3805,3884,0.05,13457
9/22/2016,3820,3890,3750,3880,-0.1,12206
9/25/2016,3820,3890,3750,3880,-0.1,12206
9/26/2016,3800,3800,3732,3753,-0.19,5526
9/27/2016,3725,3765,3725,3740,-0.35,4085
9/28/2016,3775,3769,3681,3701,-1.04,3865
9/29/2016,3700,3710,3630,3661,-1.35,7222
10/2/2016,3700,3950,3700,3850,5.45,11013
10/3/2016,3870,3930,3854,3930,2.08,6850
10/4/2016,3930,4100,3920,4088,4.02,10118
10/5/2016,4080,4080,3962,4050,-0.93,5406
10/6/2016,4070,4137,4070,4100,1.23,9565
10/16/2016,4130,4130,4011,4050,-1.22,1193
10/17/2016,4040,4040,3940,4000,-1.23,4936
10/18/2016,4000,4028,3980,4012,0.3,3023
10/19/2016,4000,4010,3981,3990,-0.55,3418
10/20/2016,3990,4105,3976,4100,2.76,5652
10/23/2016,4140,4140,4040,4045,-1.34,8441
10/24/2016,4050,4060,3981,4020,-0.62,5755
10/25/2016,4000,4000,3900,3900,-2.99,4559
10/26/2016,3917,3949,3859,3949,1.26,6523
10/27/2016,3900,3960,3900,3941,-0.48,5420
11/3/2016,3950,3950,3880,3890,-1.02,767
11/7/2016,3880,3880,3850,3853,-0.95,3105
11/8/2016,3850,3850,3755,3765,-2.28,3041
11/9/2016,3750,3840,3700,3700,-1.73,4674
11/10/2016,3750,3750,3660,3700,0,1947
11/13/2016,3690,3795,3690,3722,0.54,1911
11/14/2016,3710,3740,3700,3700,-0.54,6971
11/15/2016,3720,3731,3700,3700,0,3421
11/16/2016,3770,3780,3675,3700,0,3775
11/17/2016,3700,3700,3599,3600,-2.7,2334
11/20/2016,3528,3555,3325,3390,-5.83,8953
11/21/2016,3330,3429,3310,3429,1.15,8045
11/22/2016,3362,3385,3320,3348,-2.36,2928
11/23/2016,3310,3315,3217,3240,-3.23,7856
11/24/2016,3240,3305,3100,3151,-2.78,14102
11/27/2016,3100,3213,2947,2950,-6.35,10096
11/28/2016,2895,3044,2690,2950,0,17319
11/29/2016,2950,3110,2787,3110,5.42,14167
11/30/2016,3145,3207,3030,3200,2.89,12711
12/1/2016,3220,3250,3151,3151,-1.53,8947
12/4/2016,3180,3180,2995,3013,-4.38,5342
12/5/2016,3010,3012,2956,2956,-1.89,6450
12/6/2016,2963,3105,2930,3100,4.87,7235
12/7/2016,3090,3090,3038,3064,-1.16,1755
12/8/2016,3035,3035,2952,3030,-1.11,3957
12/11/2016,3070,3070,2965,2975,-1.82,2445
12/12/2016,2930,2965,2880,2959,-0.54,2022
12/14/2016,2900,2958,2900,2948,-0.37,4370
12/15/2016,2950,2960,2940,2949,0.03,2190
12/18/2016,2900,2975,2900,2975,0.88,3075
12/19/2016,2950,2950,2925,2935,-1.34,582
12/20/2016,2930,2930,2881,2890,-1.53,1551
12/21/2016,2890,2890,2800,2800,-3.11,2117
12/22/2016,2800,2830,2800,2820,0.71,2065
12/26/2016,2850,2850,2700,2701,-4.26,5300
12/27/2016,2650,2720,2600,2680,-0.74,7093
12/28/2016,2640,2700,2605,2651,-1.08,6138
12/29/2016,2691,2916,2690,2800,5.62,20168
1/1/2017,2856,2900,2721,2748,-1.86,10274
1/2/2017,2750,2755,2676,2720,-1.02,4713
1/3/2017,2685,2695,2613,2615,-3.86,8199
1/4/2017,2605,2708,2595,2670,2.1,10465
1/5/2017,2670,2700,2625,2650,-0.75,6314
1/8/2017,2665,2665,2640,2654,0.15,11866
1/9/2017,2654,2785,2654,2773,4.48,10638
1/10/2017,2800,2900,2760,2880,3.86,11933
1/11/2017,2850,2904,2831,2850,-1.04,8256
1/12/2017,2831,2879,2831,2840,-0.35,5891
1/15/2017,2840,2840,2803,2805,-1.23,6116
1/16/2017,2805,2805,2745,2750,-1.96,2843
1/17/2017,2700,2740,2700,2726,-1.09,5444
1/18/2017,2720,2759,2720,2740,0.74,5383
1/19/2017,2759,2759,2715,2739,-0.04,4452
1/22/2017,2739,2750,2695,2699,-1.46,3915
1/23/2017,2715,2715,2660,2660,-1.44,4332
1/24/2017,2649,2649,2615,2621,-1.47,5469
1/25/2017,2580,2601,2515,2516,-4.04,9163
1/26/2017,2490,2538,2466,2500,-0.6,6836
1/30/2017,2470,2470,2250,2255,-9.8,12461
1/31/2017,2210,2349,2210,2295,1.77,9104
2/1/2017,2295,2400,2265,2400,4.58,5513
2/2/2017,2448,2480,2305,2375,-1.04,16984
2/5/2017,2330,2360,2274,2335,-1.68,6808
2/6/2017,2335,2335,2260,2285,-2.14,3123
2/7/2017,2330,2330,2280,2295,0.44,9049
2/8/2017,2280,2290,2246,2253,-1.83,5974
2/9/2017,2260,2295,2200,2200,-2.35,9307
2/12/2017,2170,2200,2090,2090,-5,9728
2/13/2017,2100,2193,2060,2193,4.93,8933
2/14/2017,2200,2200,2093,2093,-4.56,6126
2/15/2017,2134,2215,2110,2215,5.83,7719
2/16/2017,2213,2302,2170,2286,3.25,9390
2/19/2017,2250,2356,2135,2350,3.52,13537
2/20/2017,2397,2409,2255,2335,-0.64,17969
2/21/2017,2381,2381,2261,2280,-2.35,8024
2/22/2017,2260,2300,2241,2251,-1.27,3311
2/23/2017,2251,2270,2201,2245,-0.27,3139
2/26/2017,2250,2250,2180,2187,-2.58,3502
2/28/2017,2195,2219,2160,2165,-1.01,4322
3/1/2017,2208,2279,2194,2265,4.62,10191
3/2/2017,2310,2325,2282,2309,1.94,11733
3/5/2017,2355,2444,2340,2415,4.59,14755
3/6/2017,2440,2485,2412,2432,0.7,12150
3/7/2017,2400,2450,2330,2420,-0.49,11856
3/9/2017,2445,2448,2403,2415,-0.21,24084
3/13/2017,1932,2035,1969,2030,5.07,9353
3/14/2017,2070,2090,2046,2055,1.43,7528
3/15/2017,2065,2068,2030,2045,-0.68,3825
3/16/2017,2052,2065,2046,2058,0.54,5120
3/19/2017,2056,2190,2060,2186,6.32,13017
3/20/2017,2229,2370,2225,2370,8.42,13605
3/21/2017,2417,2430,2310,2350,-0.84,23063
3/22/2017,2390,2390,2320,2350,0,11914
3/23/2017,2340,2350,2303,2340,-0.42,4342
3/26/2017,2370,2419,2350,2372,1.37,7327
3/28/2017,2372,2550,2395,2550,7.5,11843
3/29/2017,2550,2645,2465,2500,-1.96,15641
3/30/2017,2500,2601,2450,2523,0.92,7619
4/2/2017,2573,2775,2573,2728,8.16,17676
4/3/2017,2783,2800,2551,2576,-5.61,16369
4/4/2017,2560,2600,2500,2555,-0.82,9091
4/6/2017,2555,2594,2500,2500,-2.15,6822
4/9/2017,2550,2550,2453,2460,-1.04,7830
4/10/2017,2474,2550,2441,2550,3.07,8654
4/11/2017,2550,2600,2503,2550,-0.2,9153
4/12/2017,2595,2595,2481,2500,-2.16,10475
4/13/2017,2441,2505,2360,2490,0,10173
4/16/2017,2530,2530,2390,2393,-3.9,6280
4/18/2017,2380,2400,2350,2390,-0.13,5828
4/19/2017,2390,2405,2385,2390,0,2675
4/20/2017,2400,2415,2360,2380,-0.42,5890
4/23/2017,2427,2520,2427,2435,2.31,8990
4/24/2017,2493,2490,2350,2390,-2.25,6406
4/25/2017,2400,2400,2350,2350,-1.67,4558
4/26/2017,2375,2375,2262,2280,-2.98,28636
4/27/2017,2265,2320,2222,2281,0.04,22385
4/30/2017,2240,2300,2240,2245,-1.58,20367
5/2/2017,2245,2314,2245,2295,2.23,18831
5/3/2017,2300,2350,2300,2340,1.96,18514
5/4/2017,2340,2350,2310,2329,-0.43,15420
5/7/2017,2330,2339,2276,2294,-1.55,10175
5/8/2017,2325,2327,2276,2290,-0.17,12633
5/9/2017,2290,2312,2275,2300,0.44,9708
5/11/2017,2300,2300,2270,2283,-0.74,14523
5/15/2017,2290,2327,2280,2285,0.09,9392
5/16/2017,2280,2290,2270,2276,-0.39,7315
5/17/2017,2232,2280,2232,2270,-0.26,7190
5/18/2017,2270,2273,2248,2264,-0.26,18897
5/21/2017,2255,2260,2210,2211,-2.34,10689
5/22/2017,2211,2215,2190,2196,-0.68,7058
5/23/2017,2199,2210,2186,2201,0.23,16587
5/24/2017,2201,2200,2160,2190,-0.5,13060
5/28/2017,2200,2200,2136,2140,-2.28,10792
5/30/2017,2140,2155,2130,2139,-0.05,10991
5/31/2017,2139,2160,2110,2154,0.7,6361
6/1/2017,2178,2179,2135,2168,0.65,6729
6/4/2017,2160,2175,2138,2141,-1.25,7434
6/5/2017,2140,2160,2115,2122,-0.89,12209
6/6/2017,2140,2230,2130,2165,2.03,15825
6/7/2017,2185,2194,2160,2172,0.32,8149
6/8/2017,2160,2160,2135,2140,-0.78,13244
6/11/2017,2150,2180,2120,2121,-1.58,11598
6/12/2017,2081,2130,2081,2100,-1.04,16991
6/13/2017,2101,2120,2090,2102,0.14,8651
6/14/2017,2100,2105,2085,2100,-0.1,6525
6/15/2017,2085,2142,2070,2109,0.43,9712
6/18/2017,2109,2114,2075,2090,-0.9,8011
6/19/2017,2090,2090,2052,2072,-0.86,4714
6/20/2017,2072,2080,2040,2048,-1.21,11480
6/21/2017,2047,2060,2035,2050,0.2,6565
6/22/2017,2030,2075,2021,2045,-0.29,4845
6/25/2017,2030,2072,2030,2059,1.22,9391
6/27/2017,2061,2075,2040,2075,0.24,7437
6/28/2017,2055,2059,2045,2046,-1.45,7450
7/2/2017,2005,2010,1993,2005,-1.96,25322
7/3/2017,1999,2025,1992,2008,1,17892
7/4/2017,2000,2011,2000,2000,-1.23,11027
7/5/2017,2001,2050,1999,2049,2.45,23846
7/6/2017,2049,2180,2049,2170,5.91,26092
7/9/2017,2170,2260,2058,2178,0.37,42510
7/10/2017,2179,2185,2130,2141,-1.7,17950
7/11/2017,2130,2178,2121,2160,0.89,22896
7/12/2017,2140,2176,2140,2164,0.19,12770
7/13/2017,2200,2200,2146,2148,-0.74,21241
7/16/2017,2160,2160,2140,2147,0.09,10115
7/17/2017,2149,2169,2140,2168,0.84,16168
7/18/2017,2150,2284,2150,2269,4.84,41706
7/19/2017,2250,2310,2246,2272,-0.04,31653
7/20/2017,2265,2293,2265,2272,0,26942
7/23/2017,2271,2337,2271,2302,1.32,29849
7/24/2017,2305,2335,2302,2311,0.39,27144
7/25/2017,2304,2335,2300,2300,-0.04,14266
7/26/2017,2340,2340,2310,2330,0.87,19418
7/27/2017,2320,2340,2306,2313,-0.77,16625
7/30/2017,2306,2325,2266,2300,-0.52,16567
7/31/2017,2300,2315,2281,2297,-0.13,18873
8/1/2017,2298,2305,2275,2279,-0.96,12132
8/2/2017,2320,2301,2260,2275,0,13453
8/3/2017,2275,2290,2250,2265,-0.44,22968
8/6/2017,2265,2270,2201,2233,-1.5,17832
8/7/2017,2231,2239,2206,2236,0.22,18601
8/9/2017,2245,2248,2218,2225,-0.49,17492
8/10/2017,2225,2234,2200,2215,-0.45,17587
8/13/2017,2220,2227,2175,2179,-1.63,18817
8/15/2017,2185,2186,2143,2150,-1.33,16960
8/16/2017,2190,2190,2125,2159,0.42,8506
8/17/2017,2141,2165,2141,2150,-0.42,22632
8/20/2017,2155,2160,2139,2143,-0.33,7235
8/21/2017,2140,2150,2125,2130,-0.61,12436
8/22/2017,2101,2150,2101,2127,-0.14,17911
8/23/2017,2130,2140,2120,2128,0.05,7825
8/24/2017,2128,2150,2120,2135,0.33,4058
8/27/2017,2135,2160,2124,2127,-0.37,8677
8/28/2017,2145,2145,2107,2119,-0.38,27803
8/30/2017,2105,2120,2075,2090,-1.37,17476
8/31/2017,2090,2090,2050,2060,-1.44,13477
9/4/2017,2055,2080,2016,2045,-0.97,14544
9/6/2017,2040,2080,2036,2050,0.49,16515
9/7/2017,2035,2085,2030,2033,-0.88,8186
9/10/2017,2069,2040,1977,1985,-2.31,18650
9/11/2017,2024,2020,1976,2005,1.01,15662
9/12/2017,1999,2000,1965,1970,-1.75,18712
9/13/2017,1978,2000,1960,1969,-0.05,11100
9/14/2017,1956,1995,1955,1989,1.02,15552
9/17/2017,1997,2024,1975,2006,0.85,19023
9/18/2017,2006,2025,1990,1992,-0.7,13766
9/20/2017,2010,2010,1975,1990,-0.1,7931
9/24/2017,1980,2002,1980,2000,0.5,6495
9/25/2017,2000,2010,1977,1996,-0.2,5700
9/26/2017,2000,2005,1995,2000,0.2,6128
10/3/2017,1995,2014,1995,2002,0.1,1075
10/4/2017,2002,2014,1990,1993,-0.6,9106
10/8/2017,1980,1980,1921,1947,-2.36,7372
10/9/2017,1955,1960,1936,1950,0.36,6186
10/10/2017,1950,1970,1935,1970,1.03,5339
10/11/2017,1960,1975,1956,1972,0.1,4082
10/12/2017,1969,1986,1967,1981,0.46,3780
10/15/2017,1970,1983,1964,1968,-1.01,4556
10/16/2017,1990,2030,1970,2023,2.79,9150
10/17/2017,2041,2041,1990,2004,-0.94,11113
10/18/2017,2004,2017,1990,2015,0.65,6159
10/22/2017,2010,2035,2008,2015,-0.1,1655
10/23/2017,2015,2050,1990,1990,-1.24,5513
10/24/2017,1990,2023,1986,1990,0,3135
10/25/2017,2015,2015,1964,1972,-0.9,7602
10/29/2017,1972,1972,1958,1958,-0.71,7303
10/30/2017,1959,1967,1950,1956,-0.15,9347
10/31/2017,1954,1960,1940,1960,0.26,6825
11/1/2017,1950,1950,1933,1942,-0.92,3521
11/2/2017,1942,1945,1923,1933,-0.51,8694
11/5/2017,1935,1940,1890,1910,-1.14,16688
11/6/2017,1910,1940,1881,1908,-0.1,7112
11/7/2017,1910,1930,1895,1898,-0.52,4816
11/8/2017,1890,1899,1850,1855,-2.26,12414
11/9/2017,1855,1900,1831,1860,0.27,8640
11/12/2017,1860,1880,1855,1873,0.7,4174
11/13/2017,1909,1909,1881,1895,1.17,8788
11/14/2017,1896,1915,1889,1900,0.26,8384
11/15/2017,1880,1900,1875,1881,-1,8393
11/16/2017,1918,1918,1890,1893,0.64,13699
11/19/2017,1893,1905,1870,1876,-0.9,9192
11/20/2017,1885,1904,1884,1889,0.69,8911
11/21/2017,1890,1897,1881,1893,0.05,7008
11/22/2017,1890,1910,1890,1910,1.06,6578
11/23/2017,1910,1919,1900,1910,0,14064
11/26/2017,1910,1920,1907,1910,0,13031
11/27/2017,1910,1943,1909,1914,0.21,18829
11/28/2017,1902,1919,1900,1900,-0.73,17432
11/29/2017,1900,1930,1900,1920,1.05,18346
11/30/2017,1920,1924,1900,1902,-0.94,10952
12/4/2017,1925,1925,1890,1890,-0.63,5454
12/5/2017,1891,1895,1880,1892,0,5499
12/6/2017,1927,1927,1890,1899,0.42,15298
12/10/2017,1935,1938,1892,1896,-0.11,6458
12/11/2017,1895,1900,1884,1889,-0.47,3888
12/12/2017,1900,1900,1878,1878,-0.48,4067
12/13/2017,1878,1890,1867,1873,-0.27,4584
12/14/2017,1879,1881,1866,1880,0.37,1323
12/17/2017,1885,1885,1854,1859,-1.12,7122
12/18/2017,1860,1870,1850,1855,-0.22,7649
12/19/2017,1850,1855,1846,1846,-0.49,3963
12/20/2017,1840,1850,1834,1844,-0.11,3470
12/21/2017,1841,1850,1819,1820,-1.3,8235
12/24/2017,1811,1830,1800,1805,-0.82,15280
12/26/2017,1815,1815,1775,1786,-1.05,5711
12/27/2017,1790,1790,1740,1754,-1.85,10983
12/28/2017,1753,1770,1731,1751,-0.06,10139
12/31/2017,1739,1740,1710,1721,-1.71,8093
1/1/2018,1739,1765,1727,1759,2.21,10701
1/2/2018,1761,1761,1725,1740,-1.08,14371
1/3/2018,1745,1750,1720,1720,-1.15,6135
1/4/2018,1749,1749,1719,1730,0.58,14709
1/7/2018,1750,1833,1750,1822,5.32,29515
1/8/2018,1822,1899,1822,1875,2.91,44240
1/9/2018,1875,1935,1870,1879,0.21,33629
1/10/2018,1879,1879,1818,1821,-3.09,20995
1/14/2018,1810,1810,1785,1796,-1.92,8503
1/16/2018,1755,1870,1755,1799,0.73,11681
1/17/2018,1807,1807,1771,1790,-0.5,3523
1/21/2018,1791,1801,1777,1777,-0.73,4566
1/22/2018,1780,1790,1772,1772,-0.28,4004
1/23/2018,1775,1785,1760,1780,0.68,3915
1/24/2018,1752,1790,1752,1770,-0.78,2697
1/25/2018,1752,1787,1752,1787,0.96,5208
1/28/2018,1790,1790,1775,1783,-0.22,10157
1/29/2018,1760,1790,1760,1790,0.39,8420
1/31/2018,1780,1805,1772,1800,0.56,12346
2/1/2018,1800,1807,1790,1795,-0.28,12673
2/4/2018,1790,1809,1780,1786,-0.5,6757
2/5/2018,1785,1785,1760,1760,-1.46,6366
2/6/2018,1790,1790,1760,1770,0.57,3639
2/7/2018,1800,1800,1755,1760,-0.56,5222
2/8/2018,1760,1774,1750,1772,0.68,5713
2/11/2018,1780,1799,1771,1775,0.17,5402
2/12/2018,1775,1790,1760,1775,0.28,3513
2/14/2018,1780,1780,1769,1780,0,6807
2/15/2018,1790,1824,1785,1824,2.47,16723
2/18/2018,1824,1859,1790,1791,-1.81,10168
2/20/2018,1815,1820,1768,1775,-0.89,5142
2/21/2018,1770,1779,1760,1772,-0.17,5174
2/22/2018,1765,1775,1760,1762,-0.56,10141
2/25/2018,1760,1769,1753,1757,-0.28,6092
2/26/2018,1798,1834,1775,1784,1.19,58624
2/27/2018,1784,1805,1780,1790,0.34,37488
2/28/2018,1791,1795,1770,1775,-0.84,23815
3/4/2018,1770,1770,1716,1720,-3.15,19666
3/6/2018,1722,1745,1695,1737,0.87,14783
3/7/2018,1740,1780,1730,1780,2.47,16443
3/11/2018,1780,1770,1710,1720,-3.37,14587
3/12/2018,1720,1740,1712,1725,0.29,8586
3/13/2018,1727,1728,1719,1720,-0.29,12871
3/14/2018,1706,1735,1706,1725,0.29,6097
3/15/2018,1725,1734,1723,1727,0,5405
3/18/2018,1720,1734,1720,1724,-0.06,15278
3/19/2018,1726,1733,1705,1715,-0.52,17936
3/20/2018,1715,1724,1676,1680,-2.04,15928
3/21/2018,1680,1695,1613,1619,-3.69,21234
3/22/2018,1621,1629,1550,1600,-1.11,29839
3/26/2018,1570,1570,1529,1545,-3.44,35774
3/27/2018,1544,1614,1477,1585,2.59,66436
3/28/2018,1116,1149,1072,1100,-1.43,20701
3/29/2018,1105,1111,1092,1100,0,13637
4/1/2018,1110,1110,1035,1056,-4,12778
4/2/2018,1050,1060,1040,1050,-0.57,10088
4/3/2018,1041,1050,1025,1040,-0.95,8133
4/4/2018,1060,1080,1048,1075,3.37,6687
4/5/2018,1090,1120,1080,1120,4.19,20534
4/8/2018,1120,1194,1120,1175,4.64,18891
4/9/2018,1195,1215,1160,1176,0.34,18592
4/10/2018,1165,1190,1156,1165,-0.94,8285
4/11/2018,1161,1170,1144,1156,-0.77,6941
4/12/2018,1175,1175,1150,1155,-0.09,6778
4/15/2018,1155,1159,1127,1156,0.09,6084
4/16/2018,1151,1180,1151,1179,2.08,11100
4/17/2018,1180,1215,1186,1209,2.46,25734
4/18/2018,1220,1227,1190,1200,-0.74,17273
4/19/2018,1200,1209,1190,1200,0,14460
4/22/2018,1200,1240,1205,1230,2.5,29712
4/23/2018,1253,1254,1200,1215,-1.22,30002
4/24/2018,1205,1222,1185,1200,-1.23,21906
4/25/2018,1224,1224,1180,1189,-0.92,10745
4/26/2018,1190,1190,1160,1165,-2.02,11725
4/29/2018,1178,1185,1140,1166,0.09,3457
5/2/2018,1166,1166,1153,1165,-0.09,4002
5/3/2018,1188,1200,1160,1180,1.29,16037
5/6/2018,1166,1185,1160,1164,-1.36,13273
5/7/2018,1146,1164,1146,1160,-0.34,12737
5/8/2018,1165,1180,1155,1175,1.55,20714
5/9/2018,1178,1187,1164,1170,-0.68,13244
5/10/2018,1170,1171,1161,1166,-0.34,19108
5/14/2018,1161,1175,1160,1160,-0.51,7480
5/15/2018,1160,1165,1154,1158,-0.43,3650
5/16/2018,1155,1165,1150,1150,-0.43,5503
5/17/2018,1150,1163,1150,1155,0.43,7062
5/20/2018,1161,1175,1158,1159,0.35,4510
5/21/2018,1165,1165,1146,1156,-0.26,2461
5/22/2018,1160,1167,1150,1153,-0.26,6341
5/23/2018,1145,1154,1145,1147,-0.61,2028
5/24/2018,1146,1160,1141,1146,0,1907
5/27/2018,1147,1147,1125,1126,-1.75,3567
5/28/2018,1126,1155,1110,1150,2.13,9520
5/29/2018,1170,1170,1140,1143,-0.61,3826
5/30/2018,1150,1175,1141,1145,0.17,2997
5/31/2018,1150,1150,1128,1131,-1.22,11368
6/3/2018,1120,1132,1080,1100,-2.92,15490
6/4/2018,1080,1122,1070,1075,-2.09,11276
6/6/2018,1096,1125,1096,1096,1.95,7135
6/7/2018,1100,1101,1062,1065,-2.83,14101
6/10/2018,1063,1080,1030,1031,-3.19,16240
6/11/2018,1040,1054,1010,1034,0.39,7335
6/12/2018,1040,1048,1015,1031,-0.39,23114
6/13/2018,1031,1035,1012,1029,-0.19,12941
6/14/2018,1040,1044,1022,1027,-0.39,10065
6/17/2018,1010,1030,1010,1017,-0.78,4576
6/18/2018,1010,1019,1003,1013,-0.29,5741
6/19/2018,1015,1015,1006,1010,-0.69,5671
6/20/2018,1000,1005,1000,1005,-0.2,9066
6/21/2018,995,1012,992,1007,0.2,3717
6/24/2018,1027,1027,1008,1014,0.7,3134
6/25/2018,1014,1014,1000,1003,-1.08,3444
6/26/2018,1003,1010,996,999,-0.3,6322
6/27/2018,995,1009,995,981,0,5014
6/28/2018,1010,1010,990,997,-0.3,4015
7/1/2018,1014,1016,1006,1012,0.7,6305
7/2/2018,992,999,983,991,-0.1,7743
7/3/2018,991,1005,987,994,0.3,2732
7/4/2018,994,1012,994,1008,1.41,5676
7/5/2018,1010,1043,1002,1042,3.37,8031
7/8/2018,1062,1070,1043,1045,0.19,15574
7/9/2018,1046,1048,1026,1031,-1.25,8746
7/10/2018,1013,1040,1013,1025,-0.58,7198
7/11/2018,1032,1063,1025,1025,0,5789
7/12/2018,1030,1035,1000,1000,-2.44,10586
7/15/2018,1000,1028,1000,1025,2.5,3502
7/16/2018,1010,1050,1010,1050,2.44,6713
7/17/2018,1050,1063,1032,1036,-1.33,8473
7/18/2018,1050,1052,1016,1022,-1.35,5082
7/19/2018,1020,1030,1017,1020,-0.2,4023
7/22/2018,1020,1020,1003,1015,-0.49,5582
7/23/2018,1010,1020,1008,1016,0.1,3861
7/24/2018,1016,1034,1016,1025,0.89,2310
7/25/2018,1020,1025,1018,1018,-0.68,4103
7/26/2018,1013,1020,1005,1010,-0.79,8233
7/29/2018,1025,1025,1010,1014,0.49,5986
7/30/2018,1015,1015,1009,1000,-0.59,4557
7/31/2018,1010,1015,1005,1005,-0.4,4512
8/1/2018,1014,1016,1006,1012,0.7,6305
8/2/2018,1012,1014,1009,1011,-0.1,2871
8/5/2018,1015,1015,1006,1012,0.1,2126
8/6/2018,1030,1030,1004,1005,-0.69,8000
8/7/2018,1010,1012,1000,1002,-0.3,5307
8/8/2018,1002,1007,996,1000,-0.2,4298
8/9/2018,1002,1002,965,967,-3.3,22509
8/12/2018,962,962,910,910,-5.89,40611
8/13/2018,895,947,874,945,4.07,13127
8/14/2018,947,954,934,946,-0.11,8502
8/15/2018,954,960,940,960,1.48,10372
8/16/2018,969,970,945,956,-0.42,11452
8/19/2018,962,965,951,955,-0.1,5331
8/20/2018,950,950,935,939,-1.68,7304
8/21/2018,939,939,929,935,-0.43,4875
8/22/2018,925,925,915,920,-1.6,7196
8/23/2018,920,922,910,915,-0.54,9456
8/26/2018,901,923,901,915,0,3428
8/28/2018,915,917,900,901,-1.53,18104
8/29/2018,901,906,898,902,0.11,9344
8/30/2018,901,915,894,906,0.44,18482
9/2/2018,906,906,890,895,-1.21,32446
9/3/2018,900,923,880,900,0.56,127183
9/4/2018,908,918,895,900,0,33203
9/5/2018,903,924,901,917,1.89,25809
9/6/2018,918,924,910,915,-0.22,14480
9/9/2018,911,915,901,906,-0.98,9134
9/10/2018,910,910,900,900,-0.66,7592
9/11/2018,900,911,900,905,0.56,5818
9/12/2018,900,910,900,906,0,4479
9/13/2018,905,912,900,900,-0.55,13792
9/16/2018,910,924,903,914,1.56,10647
9/17/2018,920,940,917,931,1.86,11962
9/18/2018,934,946,926,932,0.11,9834
9/20/2018,933,935,921,927,-0.54,7283
9/23/2018,915,922,915,919,-0.86,9722
9/25/2018,919,927,919,921,0.22,11491
9/26/2018,925,937,925,937,1.63,28378
9/27/2018,940,960,930,948,1.17,20619
9/30/2018,950,966,945,948,0,13117
10/1/2018,948,948,931,932,-1.69,10489
10/2/2018,933,940,928,939,0.75,14217
10/3/2018,939,940,931,935,-0.43,18889
10/4/2018,934,940,925,933,-0.21,15400
10/7/2018,930,938,928,932,-0.11,22158
10/8/2018,927,932,927,930,-0.21,9819
10/9/2018,930,939,929,930,0,10297
10/10/2018,920,938,920,938,0.86,4540
10/11/2018,930,937,920,930,-0.85,12594
10/14/2018,930,940,930,937,0.75,3065
10/15/2018,937,940,931,931,-0.64,3722
10/21/2018,940,940,935,936,0.54,255
10/22/2018,933,938,932,932,-0.43,2758
10/23/2018,930,934,930,931,-0.11,2653
10/24/2018,930,941,930,940,0.43,4606
10/25/2018,933,938,933,934,-0.11,2064
10/28/2018,930,930,920,922,-1.28,4171
10/29/2018,912,929,912,924,0.22,5469
10/30/2018,924,933,922,933,0.97,6729
10/31/2018,930,941,925,934,0.11,4390
11/1/2018,926,935,926,932,-0.21,3419
11/4/2018,914,937,914,937,0.54,23510
11/5/2018,930,938,925,935,-0.21,5662
11/14/2018,930,932,921,927,-0.32,3072
11/15/2018,927,939,925,930,0.32,4815
11/18/2018,930,930,912,920,-1.08,6076
11/19/2018,920,926,915,925,0.54,4317
11/20/2018,925,927,914,921,-0.43,4291
11/21/2018,921,927,914,925,0.43,9089
11/22/2018,925,927,914,914,-1.19,3229
11/25/2018,914.89,920,909,916,0.12,6899
11/26/2018,916.5,920,914,918,0.16,10485
11/27/2018,917.02,920,915,917,0,8291
11/28/2018,917,920,912,920,0.33,12968
11/29/2018,918.84,921,911,916,-0.31,21174
12/2/2018,916,920,905,913,-0.33,32334
12/3/2018,913,913,901,910,-0.33,11714
12/4/2018,910,918,906,915,0.55,14225
12/6/2018,905,906,888,904,-0.11,11821
12/9/2018,904,910,899,907,0.33,14941
12/10/2018,907,930,901,925,1.98,18202
12/11/2018,925,926,911,922,-0.32,18489
12/12/2018,922,928,920,926,0.43,15533
12/13/2018,926,934,925,930,0.43,10087
12/16/2018,930,945,930,937,0.75,10653
12/17/2018,937,960,937,951,1.49,12916
12/18/2018,951,963,941,953,0.21,13428
12/19/2018,953,960,940,955,0.21,37120
12/20/2018,955,969,955,960,0.52,6399
12/23/2018,960,995,960,995,3.65,17856
12/24/2018,995,1016,980,1007,1.21,23560
12/25/2018,1007,1007,999,1005,-0.2,9188
12/26/2018,1005,1105,1005,1100,9.45,23927
12/27/2018,1100,1174,1100,1155,5,128682
12/30/2018,1150,1170,1136,1141,-1.21,33382
12/31/2018,1141,1141,1102,1103,-3.33,20732
1/1/2019,1103,1132,1102,1109,0.54,10868
1/2/2019,1109,1110,1093,1093,-1.44,12927
1/3/2019,1093,1115,1077,1112,1.74,12385
1/6/2019,1095,1100,1084,1088,-0.18,10089
1/7/2019,1088,1109,1088,1102,1.29,13752
1/8/2019,1102,1107,1095,1098,-0.36,7497
1/9/2019,1098,1110,1093,1100,0.18,12067
1/10/2019,1100,1104,1091,1099,-0.09,11524
1/13/2019,1099,1105,1085,1100,0.09,14601
1/14/2019,1100,1105,1088,1104,0.36,4326
1/15/2019,1104,1140,1096,1140,3.26,16269
1/16/2019,1140,1150,1120,1129,-0.96,9966
1/17/2019,1129,1135,1111,1120,-0.8,4242
1/20/2019,1120,1120,1113,1114,-0.54,1595
1/21/2019,1114,1117,1092,1096,-1.62,7445
1/22/2019,1096,1105,1076,1105,0.82,5762
1/23/2019,1105,1107,1090,1092,-1.18,5202
1/24/2019,1092,1103,1092,1100,0.73,5704
1/27/2019,1100,1100,1083,1090,-0.91,8703
1/28/2019,1090,1097,1076,1095,0.46,3938
1/29/2019,1095,1096,1085,1093,-0.18,3816
1/30/2019,1093,1095,1082,1092,-0.09,3615
1/31/2019,1092,1099,1085,1088,-0.37,5905
2/3/2019,1100,1103,1080,1088,0,6725
2/4/2019,1080,1088,1070,1075,-1.19,7890
2/5/2019,1065,1075,1064,1071,-0.37,4385
2/6/2019,1071,1071,1060,1062,-0.84,6809
2/7/2019,1050,1062,1047,1055,-0.66,7064
2/10/2019,1040,1055,1020,1022,-3.13,9037
2/11/2019,1018,1037,1018,1025,0.29,7810
2/12/2019,1015,1033,1015,1025,0,6611
2/13/2019,1025,1035,1017,1019,-0.59,8012
2/14/2019,1019,1020,1002,1010,-0.88,7221
2/17/2019,1020,1022,1001,1001,-0.89,4565
2/18/2019,1010,1010,993,1009,0.8,3452
2/19/2019,1010,1040,1002,1040,3.07,5673
2/20/2019,1055,1055,1007,1010,-2.88,4584
2/21/2019,1010,1015,1000,1010,0,2974
2/24/2019,1010,1010,990,1000,-0.99,8145
2/25/2019,997,1015,995,1015,1.5,3563
2/26/2019,1019,1020,1001,1010,0,3900
2/27/2019,995,1017,1005,1015,0.5,3806
3/3/2019,1015,1075,1015,1050,3.45,25277
3/5/2019,1055,1060,1049,1056,0.57,17797
3/6/2019,1051,1081,1050,1078,2.08,10942
3/7/2019,1095,1120,1078,1110,2.97,18107
3/9/2019,1120,1121,1090,1120,0.9,9572
3/10/2019,1120,1121,1090,1120,0.9,9572
3/11/2019,1112,1125,1112,1116,-0.36,25938
3/12/2019,1111,1133,1114,1120,0.36,17604
3/13/2019,1126,1129,1110,1114,-0.89,12868
3/14/2019,1105,1113,1095,1108,0,11790
3/17/2019,1120,1120,1108,1113,0.45,12300
3/18/2019,1110,1110,1098,1098,-1.35,9130
3/19/2019,1098,1110,1093,1097,-0.09,4150
3/21/2019,1097,1098,1073,1073,-2.19,18867
3/24/2019,1074,1086,1062,1072,-0.09,7858
3/25/2019,1062,1085,1062,1083,1.03,7690
3/26/2019,1080,1090,1074,1087,0.37,3742
3/27/2019,1087,1100,1089,1095,0.74,6369
3/28/2019,1095,1101,1090,1099,0.37,9091
3/31/2019,1100,1108,1091,1093,-0.55,5586
4/1/2019,1090,1099,1090,1093,0,5740
4/2/2019,1100,1103,1090,1099,0.55,8426
4/3/2019,1098,1103,1090,1095,-0.36,8815
4/4/2019,1092,1099,1086,1089,-0.55,4311
4/7/2019,1090,1095,1085,1093,0.37,4934
4/8/2019,1093,1119,1093,1109,1.46,13827
4/9/2019,1125,1125,1095,1104,-0.45,8861
4/10/2019,1101,1105,1095,1096,-0.72,6144
4/11/2019,1090,1103,1090,1095,-0.09,5540
4/15/2019,1090,1100,1090,1096,0.09,6677
4/16/2019,1094,1105,1094,1105,0.82,11774
4/17/2019,1105,1122,1100,1110,0.45,16108
4/18/2019,1112,1119,1102,1110,0,7697
4/21/2019,1110,1125,1110,1120,0.9,10558
4/22/2019,1141,1162,1127,1148,2.5,19890
4/23/2019,1148,1152,1130,1140,-0.7,14085
4/24/2019,1150,1152,1131,1140,0,5655
4/25/2019,1149,1155,1140,1145,0.44,27259
4/28/2019,1160,1259,1160,1259,9.96,37686
4/29/2019,1321,1373,1260,1316,4.53,112191
4/30/2019,1321,1329,1269,1271,-3.42,124075
5/2/2019,1035,1035,993,1003,-1.36,26598
5/5/2019,996,996,980,981,-2.19,15545
5/6/2019,987,988,966,985,0.41,13232
5/7/2019,1001,1001,983,984,-0.1,8342
5/8/2019,985,987,976,981,-0.3,7120
5/9/2019,975,980,970,971,-1.02,16805
5/12/2019,980,980,952,958,-1.34,6698
5/13/2019,976,976,960,960,0.21,9841
5/14/2019,960,977,959,963,0.31,10121
5/15/2019,965,968,961,962,-0.1,17613
5/16/2019,960,970,960,962,0,12010
5/19/2019,965,977,950,955,-0.73,10327
5/20/2019,952,952,936,936,-1.99,12972
5/21/2019,936,938,930,933,-0.32,13065
5/22/2019,930,943,930,940,0.75,6100
5/23/2019,940,945,936,940,0,9155
5/26/2019,940,940,932,935,-0.53,11354
5/27/2019,930,932,925,928,-0.75,5982
5/28/2019,915,927,915,924,-0.43,7802
5/29/2019,925,933,920,921,-0.32,9904
5/30/2019,940,984,935,935,1.52,15433
6/2/2019,950,950,930,935,0,7401
6/3/2019,953,953,925,928,-0.75,7229
6/4/2019,930,930,914,924,-0.43,10836
6/6/2019,920,925,920,920,-0.43,4409
6/10/2019,918,938,918,920,0,7200
6/11/2019,920,922,911,912,-0.87,7904
6/12/2019,912,918,906,912,0,4157
6/13/2019,900,917,900,912,0,5329
6/16/2019,912,912,906,907,-0.55,4603
6/17/2019,901,909,901,904,-0.33,3827
6/18/2019,905,910,903,903,-0.11,3288
6/19/2019,906,909,895,897,-0.66,14130
6/20/2019,901,905,897,902,0.56,4760
6/23/2019,900,900,892,892,-1.11,9647
6/24/2019,892,897,892,894,0.22,3635
6/25/2019,892,896,890,896,0.22,4316
6/26/2019,895,897,890,892,-0.45,6308
6/27/2019,890,895,887,887,-0.56,6102
6/30/2019,887,895,873,875,-1.35,6837
7/1/2019,875,884,870,876,0.11,4567
7/2/2019,880,888,880,887,1.26,4272
7/3/2019,890,914,890,902,1.69,5286
7/4/2019,902,904,895,895,-0.78,5987
7/7/2019,900,900,888,889,-0.67,4646
7/8/2019,885,889,881,881,-0.9,5206
7/9/2019,881,894,881,893,1.36,18863
7/10/2019,893,897,885,891,-0.22,9488
7/11/2019,890,895,889,889,-0.22,16333
7/14/2019,900,900,889,896,0.79,18773
7/15/2019,895,897,890,893,-0.33,26244
7/16/2019,937,937,886,901,0.9,3553
7/17/2019,901,910,898,900,-0.11,32820
7/18/2019,900,908,895,895,-0.56,27437
7/21/2019,900,900,885,890,-0.56,16475
7/22/2019,893,893,885,890,0,26717
7/23/2019,895,900,887,890,0,19439
7/24/2019,890,892,887,887,-0.34,29155
7/25/2019,889,898,885,885,-0.23,12606
7/28/2019,885,885,876,879,-0.68,7972
7/29/2019,880,884,873,874,-0.57,15445
7/30/2019,880,880,872,873,-0.11,14263
7/31/2019,871,880,870,878,0.57,3833
8/1/2019,870,882,870,880,0.23,8433
8/4/2019,885,885,875,876,-0.45,6193
8/5/2019,876,879,874,876,0,6053
8/6/2019,871,878,869,875,-0.11,5057
8/7/2019,860,876,860,875,0,17642
8/8/2019,865,878,865,873,-0.23,3303
8/11/2019,870,875,870,871,-0.23,12327
8/12/2019,875,875,871,875,0.46,5143
8/13/2019,889,889,870,875,0,5663
8/14/2019,871,873,869,870,-0.57,1830
8/15/2019,874,877,868,877,0.8,11632
8/18/2019,880,880,867,868,-1.03,4265
8/19/2019,870,870,865,869,0.12,2711
8/20/2019,871,871,861,865,-0.46,5176
8/21/2019,864,869,860,864,-0.12,1655
8/22/2019,859,874,857,864,0,1464
8/25/2019,856,865,853,853,-1.27,3569
8/26/2019,850,853,840,843,-1.17,11009
8/27/2019,843,852,840,843,0,7437
8/28/2019,854,854,835,837,-0.71,7167
8/29/2019,835,835,828,829,-0.96,17927
9/1/2019,825,827,806,808,-2.53,24157
9/2/2019,802,810,797,797,-1.36,31197
9/3/2019,782,820,781,810,1.63,27921
9/4/2019,812,816,802,810,0,17452
9/5/2019,810,812,806,808,-0.25,18782
9/8/2019,809,812,798,800,-0.99,14142
9/9/2019,802,803,793,799,-0.12,13415
9/10/2019,798,798,790,790,-1.13,13661
9/11/2019,792,796,781,787,-0.38,16479
9/12/2019,788,788,779,780,-0.89,11378
9/15/2019,785,785,764,769,-1.41,23622
9/16/2019,765,770,755,759,-1.3,14795
9/17/2019,760,779,758,762,0.4,36898
9/18/2019,777,789,765,775,1.71,28230
9/19/2019,790,790,763,766,-1.16,19769
9/22/2019,761,766,751,759,-0.91,13429
9/23/2019,760,766,755,760,0.13,10963
9/24/2019,760,761,755,757,-0.39,5440
9/26/2019,754,763,753,756,0.4,8311
9/29/2019,755,755,750,751,-0.66,16367
9/30/2019,750,757,749,757,0.8,9121
10/1/2019,768,782,762,765,-0.39,8827
10/2/2019,770,770,755,758,-0.92,5153
10/3/2019,765,770,760,770,1.58,4248
10/10/2019,770,774,762,765,-0.65,955
10/14/2019,765,771,758,760,-0.65,11674
10/15/2019,762,765,762,765,0.66,3094
10/16/2019,761,775,761,770,0.65,14519
10/17/2019,765,776,769,776,0.78,6836
10/20/2019,776,777,772,773,-0.39,6456
10/21/2019,775,780,773,776,0.39,7750
10/22/2019,770,780,765,780,0.52,4912
10/23/2019,785,800,778,796,2.05,6227
10/24/2019,781,807,796,800,0.5,7529
10/31/2019,809,809,796,802,0.25,3323
11/3/2019,803,805,799,803,0.12,6050
11/4/2019,798,800,783,800,-0.37,3433
11/5/2019,800,800,795,795,-0.63,3608
11/6/2019,795,796,789,796,0.13,3247
11/7/2019,795,795,785,790,-0.75,5581
11/10/2019,776,785,776,781,-1.14,4420
11/11/2019,782,794,782,794,1.66,4140
11/12/2019,791,802,782,800,0.76,6144
11/13/2019,816,816,787,790,-1.25,6629
11/14/2019,790,798,783,798,1.01,9250
11/17/2019,794,794,784,789,-1.13,6474
11/18/2019,789,794,785,794,0.63,5790
11/19/2019,795,795,790,792,-0.25,3332
11/20/2019,792,807,785,794,0.25,9701
11/21/2019,791,800,781,785,-1.13,5408
11/24/2019,782,785,779,785,0,6828
11/25/2019,777,788,776,787,0.25,2247
11/26/2019,783,790,782,786,-0.13,9470
11/27/2019,785,801,782,796,1.27,3765
11/28/2019,796,810,795,804,1.01,12609
12/1/2019,804,846,800,842,4.73,17447
12/2/2019,850,850,816,832,-1.19,16366
12/3/2019,832,859,832,842,1.2,16508
12/4/2019,842,897,842,868,3.09,32514
12/5/2019,863,898,863,890,2.53,39555
12/8/2019,887,895,865,886,-0.45,14669
12/9/2019,880,893,880,885,-0.11,13219
12/10/2019,885,890,877,881,-0.45,11616
12/11/2019,887,891,879,885,0.45,9989
12/12/2019,888,929,880,915,3.39,41028
12/15/2019,917,923,898,900,-1.64,17685
12/16/2019,892,906,885,886,-1.77,13637
12/17/2019,900,902,875,884,-0.23,17046
12/18/2019,901,901,877,881,-0.34,9920
12/19/2019,879,895,875,877,-0.45,20137
12/22/2019,880,883,873,875,-0.23,7043
12/23/2019,870,899,870,890,1.71,15276
12/24/2019,891,901,885,885,-0.56,17706
12/25/2019,886,925,886,913,3.16,36868
12/26/2019,913,926,901,918,0.55,25929
12/29/2019,923,945,923,937,2.07,51779
12/30/2019,900,983,900,980,4.59,104448
12/31/2019,980,996,965,974,-0.61,63135
1/1/2020,980,980,960,960,-1.44,27357
1/2/2020,974,974,946,950,-1.04,32691
1/5/2020,950,976,950,965,1.58,31646
1/6/2020,980,980,962,966,0.1,25752
1/7/2020,955,970,955,960,-0.62,21900
1/8/2020,962,970,959,961,0.1,20662
1/9/2020,965,968,959,960,-0.1,15053
1/12/2020,975,1008,967,1005,4.69,59247
1/13/2020,1017,1040,1000,1001,-0.4,58758
1/14/2020,1010,1011,987,1000,-0.1,29985
1/15/2020,1000,1009,998,1008,0.8,25793
1/16/2020,1010,1044,1010,1039,3.08,46833
1/19/2020,1059,1107,1050,1090,4.91,80919
1/20/2020,1090,1105,1051,1065,-2.29,86266
1/21/2020,1065,1075,1047,1060,-0.47,58566
1/22/2020,1039,1080,1052,1070,0.94,54670
1/23/2020,1069,1125,1067,1100,2.8,166399
1/26/2020,1105,1108,1090,1093,-0.64,57142
1/27/2020,1084,1119,1080,1117,2.2,73672
1/28/2020,1125,1154,1125,1137,1.79,61263
1/29/2020,1124,1150,1124,1134,-0.26,43114
1/30/2020,1143,1149,1124,1133,-0.09,60862
2/2/2020,1137,1155,1126,1133,0,53344
2/3/2020,1133,1135,1118,1128,-0.44,34450
2/4/2020,1130,1132,1110,1113,-1.33,40314
2/5/2020,1130,1130,1111,1118,0.45,22860
2/6/2020,1119,1132,1118,1125,0.63,34281
2/9/2020,1127,1127,1109,1114,-0.98,22026
2/10/2020,1120,1124,1106,1115,0.09,17105
2/11/2020,1126,1137,1118,1122,0.63,29971
2/12/2020,1125,1135,1120,1124,0.18,31481
2/13/2020,1125,1140,1125,1130,0.53,36617
2/16/2020,1142,1175,1134,1175,3.98,81834
2/17/2020,1183,1229,1183,1203,2.38,74933
2/18/2020,1200,1219,1183,1195,-0.67,58094
2/19/2020,1214,1214,1183,1186,-0.75,31046
2/20/2020,1186,1260,1198,1240,4.55,99355
2/23/2020,1190,1309,1190,1290,4.03,91641
2/24/2020,1290,1313,1280,1294,0.31,81986
2/25/2020,1255,1400,1255,1390,7.42,108070
2/26/2020,1414,1499,1395,1494,7.48,150286
2/27/2020,1490,1510,1416,1463,-2.07,196510
3/1/2020,1463,1470,1392,1400,-4.31,172827
3/2/2020,1375,1394,1274,1279,-8.64,116561
3/3/2020,1279,1362,1220,1308,2.27,313761
3/4/2020,1329,1330,1243,1250,-4.43,210074
3/5/2020,1245,1268,1226,1251,0.08,304048
3/10/2020,1250,1250,1148,1148,-8.23,71256
3/11/2020,1150,1225,1150,1210,5.4,197341
3/12/2020,1215,1230,1175,1187,-1.9,165387
3/15/2020,1185,1185,1100,1100,-7.33,152892
3/16/2020,1100,1124,1063,1102,0.18,140064
3/17/2020,1110,1114,1050,1057,-4.08,69624
3/18/2020,1060,1064,1005,1032,-2.37,87908
3/19/2020,1012,1070,984,1059,2.62,109432
3/22/2020,1039,1079,999,1054,-0.47,27607
5/12/2020,1033,1033,1023,1023,-2.94,340
5/13/2020,1003,1003,993,993,-2.93,70
6/29/2020,974,1071,906,1070,7.75,36309
6/30/2020,1089,1177,1089,1177,10,30340
7/1/2020,1200,1270,1200,1260,7.05,54038
7/2/2020,1280,1285,1134,1137,-9.76,50905
7/5/2020,1123,1202,1122,1180,3.78,87712
7/6/2020,1170,1209,1165,1208,2.37,65345
7/7/2020,1210,1240,1210,1223,1.24,70100
7/8/2020,1240,1240,1190,1212,-0.9,58640
7/9/2020,1212,1235,1211,1228,1.32,77500
7/12/2020,1245,1280,1240,1276,3.91,127300
7/13/2020,1276,1300,1261,1265,-0.86,74537
7/14/2020,1282,1282,1260,1267,0.16,39541
7/15/2020,1276,1278,1260,1260,-0.55,46649
7/16/2020,1281,1281,1265,1274,1.11,28211
7/19/2020,1299,1401,1299,1401,9.97,820
7/20/2020,1450,1470,1288,1334,-4.78,114881
7/21/2020,1321,1350,1313,1327,-0.52,76952
7/22/2020,1335,1350,1318,1320,-0.53,74654
7/23/2020,1300,1349,1300,1342,1.67,77028
7/26/2020,1409,1409,1364,1399,4.25,185964
7/27/2020,1410,1434,1372,1376,-1.64,121084
7/28/2020,1377,1399,1366,1370,-0.44,72067
7/29/2020,1350,1369,1341,1343,-1.97,79722
7/30/2020,1345,1360,1326,1350,0.52,66693
8/2/2020,1350,1350,1311,1323,-2,109650
8/3/2020,1320,1339,1300,1328,0.38,47778
8/5/2020,1319,1322,1300,1317,-0.83,58961
8/6/2020,1317,1321,1300,1320,0.23,65270
8/9/2020,1346,1346,1295,1343,1.74,54667
8/10/2020,1346,1370,1334,1367,1.79,89015
8/11/2020,1379,1379,1342,1359,-0.59,61720
8/12/2020,1359,1361,1345,1354,-0.37,35311
8/13/2020,1421,1421,1335,1341,-0.96,55013
8/16/2020,1342,1349,1315,1330,-0.82,55897
8/17/2020,1348,1350,1324,1350,1.5,33962
8/18/2020,1360,1366,1345,1360,0.74,61934
8/19/2020,1346,1354,1327,1338,-1.62,42059
8/20/2020,1325,1349,1325,1345,0.52,9757
8/23/2020,1336,1377,1335,1362,1.26,42164
8/24/2020,1362,1391,1362,1384,1.62,88254
8/25/2020,1390,1390,1375,1379,-0.36,58603
8/26/2020,1390,1392,1360,1362,-1.23,91039
8/27/2020,1389,1390,1361,1372,0.73,53730
8/30/2020,1372,1390,1360,1366,-0.44,37521
8/31/2020,1360,1407,1360,1395,2.12,121081
9/2/2020,1400,1420,1378,1385,-0.72,112873
9/3/2020,1400,1403,1373,1375,-0.72,57038
9/6/2020,1443,1443,1350,1374,-0.07,50927
9/7/2020,1380,1384,1360,1361,-0.95,60251
9/8/2020,1356,1375,1340,1369,0.59,36413
9/9/2020,1375,1390,1373,1380,0.8,57481
9/10/2020,1399,1420,1383,1393,0.94,64572
9/13/2020,1398,1424,1390,1424,2.23,136820
9/14/2020,1460,1460,1416,1417,-0.49,85101
9/15/2020,1417,1424,1403,1410,-0.49,45476
9/16/2020,1400,1410,1395,1404,-0.43,46089
9/17/2020,1416,1416,1392,1406,0.14,50943
9/20/2020,1476,1476,1406,1406,0,33448
9/21/2020,1406,1418,1395,1399,-0.5,35548
9/22/2020,1393,1404,1379,1380,-1.36,44624
9/23/2020,1390,1390,1370,1387,0.51,28725
9/24/2020,1384,1394,1383,1387,0,23164
9/27/2020,1400,1400,1377,1379,-0.58,26689
9/28/2020,1380,1380,1370,1372,-0.51,36356
9/29/2020,1380,1380,1367,1370,-0.15,23790
9/30/2020,1366,1371,1360,1365,-0.36,33821
10/1/2020,1370,1380,1367,1375,0.73,35173
10/4/2020,1390,1393,1379,1380,0.36,29373
10/5/2020,1382,1383,1364,1364,-1.16,25677
10/6/2020,1368,1389,1365,1368,0.29,37443
10/7/2020,1336,1400,1336,1368,0,47903
10/8/2020,1436,1436,1368,1371,0.22,31097
10/11/2020,1376,1405,1375,1386,1.09,72413
10/12/2020,1399,1399,1374,1374,-0.87,27014
10/13/2020,1375,1379,1372,1374,0,19756
10/14/2020,1384,1387,1366,1373,-0.07,35969
10/15/2020,1380,1385,1370,1374,0.07,39913
10/18/2020,1370,1373,1365,1368,-0.44,11913
10/19/2020,1370,1375,1370,1370,0.15,12175
10/20/2020,1388,1389,1372,1376,0.44,8593
10/21/2020,1378,1399,1378,1389,0.94,19518
10/22/2020,1400,1400,1380,1396,0.5,28056
10/28/2020,1409,1415,1393,1415,1.36,29392
10/29/2020,1485,1485,1401,1414,-0.07,24816
11/1/2020,1419,1425,1412,1416,0.14,24083
11/2/2020,1420,1420,1408,1408,-0.56,23955
11/3/2020,1413,1417,1410,1412,0.28,19968
11/4/2020,1410,1415,1405,1408,-0.28,14805
11/5/2020,1403,1412,1403,1409,0.07,30893
11/8/2020,1440,1440,1403,1422,0.92,47943
11/9/2020,1435,1441,1420,1421,-0.07,72225
11/10/2020,1430,1531,1425,1496,5.28,160848
11/11/2020,1515,1545,1487,1512,1.07,100379
11/12/2020,1520,1541,1515,1519,--,105237
11/18/2020,1519,1627,1519,1620,0,163906
11/19/2020,1620,1698,1620,1672,0,156025
11/22/2020,1700,1734,1606,1635,-0.02,177616
11/23/2020,1716,1716,1600,1607,-0.02,143497
11/24/2020,1607,1670,1580,1652,0.03,111900
11/25/2020,1662,1699,1650,1680,0.02,82787
11/26/2020,1700,1710,1653,1665,-0.01,130107
11/29/2020,1665,1700,1661,1695,0.02,157029
11/30/2020,1703,1864,1690,1855,0.09,215134
12/1/2020,1855,1965,1855,1910,0.03,176894
12/2/2020,1940,2000,1920,1997,0.05,154432
12/3/2020,2060,2060,1944,1955,-0.02,151621
12/6/2020,1890,1938,1764,1764,-0.1,240092
12/7/2020,1764,1900,1750,1895,0.07,259623
12/8/2020,1920,1958,1843,1877,-0.01,161633
12/9/2020,1880,1914,1829,1834,-0.02,109201
12/10/2020,1834,1921,1804,1900,0.04,198321
12/13/2020,1950,2045,1901,2035,0.07,336101
12/14/2020,2100,2238,2099,2238,0.1,339264
12/15/2020,2349,2394,2225,2265,0.01,229082
12/16/2020,2265,2280,2211,2242,-0.01,142271
12/17/2020,2260,2270,2172,2195,-0.02,250312
12/20/2020,2200,2215,2085,2108,-0.04,499466
12/21/2020,2103,2150,2053,2138,0.02,348225
12/22/2020,2180,2351,2180,2351,0.1,375766
12/23/2020,2468,2586,2436,2443,0.04,567422
12/24/2020,2550,2550,2315,2340,-0.04,254324
12/27/2020,2360,2360,2220,2224,-0.05,298893
12/28/2020,2224,2250,2179,2224,0,156981
12/29/2020,2265,2265,2200,2200,-0.01,85258
12/30/2020,2218,2249,2180,2247,0.02,124099
12/31/2020,2300,2314,2250,2295,0.02,161443
1/3/2021,2340,2449,2317,2416,0.05,211374
1/4/2021,2480,2500,2368,2400,-0.01,167886
1/5/2021,2380,2417,2365,2388,-0.01,108317
1/6/2021,2507,2507,2376,2384,0,89413
1/7/2021,2395,2410,2380,2383,0,96447
1/10/2021,2385,2399,2368,2374,0,82757
1/11/2021,2399,2399,2374,2380,0,52570
1/12/2021,2261,2420,2261,2414,0.01,64682
1/13/2021,2450,2460,2417,2436,0.01,61323
1/17/2021,2475,2480,2438,2463,0.01,60655
1/18/2021,2500,2500,2465,2465,0,65563
1/19/2021,2588,2701,2525,2689,0.09,351960
1/20/2021,2823,2936,2777,2885,0.07,216711
1/21/2021,2957,3000,2882,2908,0.01,181040
1/24/2021,2912,2999,2842,2849,-0.02,232603
1/25/2021,2850,2900,2827,2849,0,211660
1/26/2021,2900,2930,2865,2872,0.01,502000
1/27/2021,2301,2411,2257,2411,0.1,394753
1/28/2021,2500,2500,2318,2349,-0.03,235421
1/31/2021,2350,2350,2248,2273,-0.03,174184
2/1/2021,2300,2320,2270,2278,0,119345
2/2/2021,2390,2390,2280,2299,0.01,104695
2/3/2021,2315,2335,2271,2274,-0.01,92449
2/4/2021,2320,2320,2242,2262,-0.01,85953
2/7/2021,2300,2325,2265,2312,0.02,138250
2/8/2021,2340,2460,2312,2378,0.03,131116
2/9/2021,2400,2405,2355,2370,0,72231
2/10/2021,2400,2400,2360,2365,0,81414
2/11/2021,2470,2470,2315,2324,-0.02,92636
2/14/2021,2330,2375,2275,2281,-0.02,74468
2/15/2021,2380,2380,2298,2323,0.02,88325
2/16/2021,2350,2365,2293,2299,-0.01,87847
2/17/2021,2400,2400,2280,2282,-0.01,67264
2/18/2021,2295,2300,2265,2271,0,93568
2/21/2021,2300,2325,2225,2235,-0.02,102188
2/22/2021,2255,2255,2188,2204,-1.39,135382
2/23/2021,2205,2205,2119,2197,-0.32,122907
2/24/2021,2197,2280,2190,2219,1,64591
2/25/2021,2244,2255,2185,2198,0,56037
2/28/2021,2200,2200,2124,2124,-3.37,120149
3/1/2021,2124,2180,2075,2135,0,88087
3/2/2021,2159,2164,2054,2080,-2.58,96833
3/3/2021,2070,2080,2005,2018,-2.98,131608
3/4/2021,2040,2100,2034,2100,4.06,86322
3/8/2021,2125,2140,2072,2075,-1.19,52377
3/9/2021,2098,2098,2030,2039,-1.73,46508
3/10/2021,2050,2063,2007,2024,-0.74,51466
3/14/2021,2035,2035,1974,1980,-2.17,98924
3/15/2021,1985,2014,1951,1962,-0.91,65479
3/16/2021,2060,2060,1925,1997,1.78,99070
3/17/2021,2020,2050,1997,2036,1.95,93027
3/18/2021,1935,2090,1935,2086,2.46,64129
3/21/2021,2099,2220,2099,2220,6.42,143059
3/22/2021,2331,2331,2179,2185,-1.58,118459
3/23/2021,2190,2198,2150,2178,-0.32,71365
3/24/2021,2178,2213,2170,2195,0.78,66860
3/25/2021,2150,2234,2150,2165,-1.37,68720
3/29/2021,2168,2175,2150,2154,-0.51,34057
3/30/2021,2154,2178,2152,2163,0.42,31817
3/31/2021,2185,2200,2165,2178,0.69,25414
4/1/2021,2230,2230,2155,2155,-1.06,55455
4/4/2021,2170,2180,2150,2157,0.09,53599
4/5/2021,2185,2185,2150,2152,-0.23,35525
4/6/2021,2259,2259,2110,2120,-1.49,66667
4/7/2021,2120,2130,2059,2100,-0.94,72136
4/8/2021,2201,2201,2090,2113,0.62,43308
4/12/2021,2080,2170,2080,2126,0.62,38529
4/13/2021,2110,2150,2110,2112,-0.75,36011
4/15/2021,2145,2145,2105,2109,-0.14,41559
4/18/2021,2010,2125,2010,2090,-0.9,41365
4/19/2021,2143,2143,2044,2065,-1.2,41510
4/20/2021,2065,2095,2041,2067,0.1,49820
4/21/2021,2067,2095,2040,2041,-1.26,35867
4/22/2021,2070,2070,2010,2040,-0.05,45534
4/25/2021,2040,2040,1995,1997,-2.11,88246
4/26/2021,1997,2010,1950,1952,-2.25,90155
4/27/2021,2040,2040,1950,2011,3.02,60763
4/28/2021,2015,2030,1980,1998,-0.7,27566
4/29/2021,2029,2029,1993,2001,0.15,24468
5/2/2021,2000,2131,1996,2098,4.85,71444
5/3/2021,2120,2130,2057,2084,-0.67,49382
5/4/2021,2000,2100,2000,2072,-0.58,21801
5/5/2021,2160,2160,2050,2055,-0.82,26769
5/6/2021,2055,2070,2021,2028,-1.31,31696
5/9/2021,2000,2028,2000,2015,-0.64,30702
5/10/2021,2015,2044,2007,2033,0.89,22973
5/11/2021,2033,2070,2030,2066,1.62,29311
5/12/2021,2169,2169,2040,2058,-0.39,17482
5/13/2021,2058,2067,2036,2065,0.34,43772
5/16/2021,2095,2115,2075,2100,1.69,69303
5/17/2021,2100,2160,2100,2140,1.9,87693
5/18/2021,2155,2171,2119,2145,0.23,53234
5/19/2021,2180,2198,2128,2140,-0.23,66589
5/20/2021,2247,2247,2118,2118,-1.03,41263
5/23/2021,2075,2130,2066,2109,-0.42,46350
5/24/2021,2120,2150,2100,2107,-0.09,55987
5/25/2021,2120,2152,2092,2125,0.85,62290
5/27/2021,2100,2120,2090,2095,-1.41,64014
5/30/2021,2095,2135,2080,2096,0.05,63938
5/31/2021,2096,2124,2060,2065,-1.48,55517
6/1/2021,2065,2075,2020,2055,-0.48,44950
6/2/2021,2080,2110,2024,2098,2.09,50660
6/3/2021,2138,2138,2082,2088,-0.48,47425
6/6/2021,2089,2100,2073,2078,-0.48,60881
6/7/2021,2085,2098,2072,2072,-0.29,47007
6/8/2021,2040,2121,2040,2104,1.5,103676
6/9/2021,2125,2200,2125,2145,0.02,107240
6/10/2021,2160,2180,2110,2114,-1.45,65812
6/13/2021,2148,2149,2061,2093,-0.99,65887
6/14/2021,2100,2128,2060,2091,-0.1,76672
6/15/2021,2150,2150,2100,2111,0.96,84271
6/16/2021,2063,2100,2050,2070,-1.94,85358
6/17/2021,2070,2085,2051,2062,-0.39,61116
6/20/2021,2079,2080,2010,2025,-1.79,88600
6/21/2021,2030,2050,1981,1983,-2.07,92109
6/22/2021,1990,2019,1970,2015,1.61,55704
6/23/2021,2030,2030,1975,1979,-1.79,55101
6/24/2021,2077,2077,1951,1965,-0.71,62838
6/27/2021,1999,1999,1946,1955,-0.51,47109
6/28/2021,1986,1986,1958,1959,0.2,37283
6/29/2021,1969,1969,1948,1950,-0.46,41835
6/30/2021,1965,1965,1915,1937,-0.67,47583
7/1/2021,1939,1964,1937,1942,0.26,32773
7/4/2021,1950,1954,1940,1942,0,30057
7/5/2021,1942,1945,1925,1928,-0.72,28501
7/6/2021,1980,1980,1926,1933,0.26,22930
7/7/2021,1950,1950,1924,1925,-0.41,19691
7/8/2021,1930,1940,1915,1929,0.21,28622
7/11/2021,1935,1985,1928,1970,2.13,47977
7/12/2021,1970,2010,1950,1960,-0.51,46681
7/13/2021,1960,1969,1900,1938,-1.12,120434
7/14/2021,1950,1950,1916,1926,-0.62,74263
7/15/2021,1926,1950,1915,1919,-0.36,104298
7/18/2021,1957.3,1967.9,1930,1967.8,2.54,73716
7/19/2021,2000,2004,1970,1984,0.82,66959
7/20/2021,1999,2000,1970,1970.1,-0.7,40872
7/22/2021,2000.1,2000.1,1961,1969,-0.06,59950
7/25/2021,1970,1999,1969,1970,0.05,70732
7/26/2021,1972,1982,1970,1976,0.3,78995
7/27/2021,1976,2000,1960,1992,0.81,68435
7/28/2021,2000,2059,2000,2040,2.41,88799
7/29/2021,2031.8,2085,2031.8,2045,0.25,77532
8/1/2021,2080,2080,2015,2024,-1.03,54677
8/2/2021,2030,2035,2000,2003,-1.04,59599
8/3/2021,2010,2020,2008,2008,0.25,47092
8/4/2021,2040,2040,2005,2006,-0.1,51159
8/5/2021,2006,2011,1995,1998.3,-0.38,61100
8/8/2021,1998.3,2001,1975,1981,-0.87,60704
8/9/2021,1982,1987,1967,1968,-0.66,54515
8/10/2021,1980,1990,1967,1979.1,0.56,46625
8/11/2021,1980,1999,1975,1976,-0.16,50664
8/12/2021,1976,1996,1925.7,1966.1,-0.5,68051
8/15/2021,1966,1966.1,1928,1934,-1.63,97711
8/16/2021,1934,1934,1918,1918,-0.83,84600
8/17/2021,1920,1923,1890,1900,-0.94,124529
8/18/2021,1938,1938,1880,1882,-0.95,132274
8/19/2021,1887,2010,1887,1936,2.87,130863
8/24/2021,1970,1978,1929,1929,-0.36,70991
8/25/2021,1925,1927,1900,1903,-1.35,46509
8/26/2021,1903,1924,1884,1890,-0.68,77195
8/29/2021,1927.8,1927.8,1862,1862,-1.48,80795
8/31/2021,1865,1870,1821.1,1822,-2.15,84316
9/1/2021,1822,1864,1816,1827,0.27,64801
9/2/2021,1822,1850,1800,1806,-1.15,52567
9/5/2021,1806,1815,1727,1752,-2.99,99935
9/6/2021,1760,1835,1735.1,1834,4.68,88934
9/7/2021,1840,1840,1784,1799,-1.91,48906
9/8/2021,1805,1805,1760,1769,-1.67,42851
9/9/2021,1769,1795,1750,1760,-0.51,49245
9/12/2021,1761,1785,1744.4,1765,0.28,44536
9/13/2021,1780,1808,1775,1776,0.62,43215
9/14/2021,1780.1,1790,1752,1765,-0.62,39617
9/15/2021,1775,1775,1750,1755,-0.57,34552
9/16/2021,1746,1748,1705,1706.5,-2.76,70201
9/20/2021,1706.5,1706.5,1630.1,1638,-4.01,93625
9/21/2021,1635,1710,1574,1660,1.34,97175
9/22/2021,1690,1730,1677,1728,4.1,55769
9/23/2021,1755,1795,1711,1719,-0.52,50381
9/26/2021,1715,1738,1671.9,1675,-2.56,41522
9/27/2021,1675,1697,1630,1639,-2.15,59374
9/28/2021,1620,1650,1584,1600,-2.38,62508
9/29/2021,1620,1630,1580,1612,0.75,39427
9/30/2021,1632,1644,1601,1610.1,-0.12,29457
10/3/2021,1620,1635,1590,1591,-1.19,32113
10/4/2021,1571,1620,1562,1591,0,24681
10/5/2021,1599,1612,1591.1,1608,1.07,27758
10/6/2021,1640,1645,1618,1635.1,1.69,37310
10/10/2021,1665,1725,1665,1694,3.6,39088
10/11/2021,1694,1694,1669,1687,-0.41,25770
10/17/2021,1719,1719,1680,1695,0.47,11970
10/18/2021,1690,1700,1660,1664,-1.83,30731
10/19/2021,1655,1655,1590,1606,-3.49,30571
10/20/2021,1638,1675,1622,1623,1.06,20176
10/21/2021,1630,1640,1585,1616,-0.43,23035
10/24/2021,1640,1646,1620,1640,1.49,16482
10/25/2021,1670,1699,1645,1697,3.48,25987
10/26/2021,1708,1750,1700,1733,2.12,47078
10/27/2021,1763,1763,1715,1735,0.12,44479
10/28/2021,1726,1739,1710,1722,-0.75,26269
10/31/2021,1750,1755,1711,1718,-0.23,36429
11/1/2021,1748,1748,1700,1701,-0.99,37586
11/2/2021,1690,1721,1667,1701,0,34082
11/3/2021,1710,1735,1700,1700,-0.06,29988
11/8/2021,1705,1719,1685,1690,-0.59,20702
11/9/2021,1700,1700,1658.2,1665,-1.48,27577
11/11/2021,1651,1660,1622,1629,-2.16,40177
11/14/2021,1633,1633,1600.4,1615,-0.86,28766
11/15/2021,1582.8,1650,1582.8,1608,-0.43,35703
11/16/2021,1580,1605,1551,1603,-0.31,98117
11/17/2021,1610,1632,1598,1599,-0.25,53860
11/18/2021,1599,1599,1570,1574,-1.56,55912
11/21/2021,1560,1570,1550,1553,-1.33,49027
11/22/2021,1560,1570,1550,1553,0,35236
11/23/2021,1554.9,1554.9,1519,1540,-0.84,41069
11/24/2021,1560,1560,1507,1523,-1.1,38782
11/25/2021,1530.1,1538.9,1500,1533,0.66,39080
11/28/2021,1520,1525.5,1458.3,1487,-3,81280
11/29/2021,1487,1508,1470,1475.3,-0.79,29318
11/30/2021,1500,1500,1460.4,1478,0.18,30862
12/1/2021,1479,1497,1460,1465.1,-0.87,29453
12/2/2021,1466,1473,1443,1445,-1.37,33324
12/5/2021,1431.1,1432,1390,1393,-3.6,49688
12/6/2021,1390,1418,1337,1400,0.5,49484
12/7/2021,1425,1449,1390,1398.9,-0.08,34686
12/8/2021,1399,1400,1362,1366,-2.35,25114
12/9/2021,1393.3,1393.3,1330,1375,0.66,36086
12/12/2021,1362.2,1390,1314.2,1324,-3.71,35461
12/13/2021,1298,1320,1270,1276,-3.63,52311
12/14/2021,1300,1364,1295,1350,5.8,23011
12/15/2021,1370,1425,1323,1360,0.74,44952
12/16/2021,1350,1360,1336,1342,-1.32,21786
12/20/2021,1343,1349.9,1313.3,1318,-1.79,26123
12/21/2021,1318,1344,1318,1340.9,1.74,19319
12/22/2021,1350,1398,1350,1385,3.29,38642
12/23/2021,1412.6,1412.7,1375,1394,0.65,38404
12/26/2021,1420,1533.4,1420,1533,9.97,125395
12/27/2021,1563.6,1652,1530,1540,0.46,156993
12/28/2021,1570,1570,1490,1535,-0.32,64705
12/29/2021,1525,1550,1505,1510,-1.63,34091
1/2/2022,1540,1540,1490,1519,0.6,36427
1/3/2022,1547,1548,1521,1533,0.92,42108
1/4/2022,1563.6,1563.6,1515,1545,0.78,37859
1/5/2022,1575,1585,1540,1568,1.49,45365
1/6/2022,1568,1585,1560,1579,0.7,41288
1/9/2022,1590,1610,1584,1590,0.7,56784
1/10/2022,1600,1620,1580,1590,0,62098
1/11/2022,1600,1667,1584,1657,4.21,95523
1/12/2022,1675,1749.9,1660,1686,1.75,104414
1/13/2022,1719.7,1720,1680,1717,1.84,60658
1/16/2022,1751,1797,1747.4,1775,3.38,104737
1/17/2022,1800,1810,1745,1780,0.28,69721
1/18/2022,1781,1798,1735,1749.8,-1.7,63369
1/19/2022,1775,1775,1700,1710,-2.27,68637
1/20/2022,1705,1760,1695,1744,1.99,52842
1/23/2022,1778,1798.9,1735,1740,-0.23,46337
1/24/2022,1740,1750,1658,1667,-4.2,100843
1/25/2022,1680,1707,1640,1671,0.24,84818
1/26/2022,1704.4,1704.4,1627,1642,-1.74,57078
1/27/2022,1674.8,1690,1642.1,1652,0.61,40455
1/30/2022,1685,1718,1685,1713,3.69,67766
1/31/2022,1680,1740,1680,1684,-1.69,52992
2/1/2022,1690,1690,1665,1670,-0.83,55879
2/3/2022,1680.1,1703,1624,1630,-2.4,120203
2/6/2022,1597.4,1597.4,1481,1506,-7.61,279896
2/7/2022,1506,1506,1455,1470,-2.39,158345
2/8/2022,1480,1529,1455,1456,0,72064
2/9/2022,1455,1455,1415,1429,-1.85,69047
2/10/2022,1420,1440,1390,1415,-0.98,111262
2/13/2022,1387,1393,1335.8,1350,-4.59,106373
2/14/2022,1350,1388,1344,1368,1.33,61169
2/15/2022,1370,1400,1360,1380,0.88,47625
2/16/2022,1406,1406,1370,1374,-0.43,32249
2/17/2022,1371,1380,1366,1374,0,30149
2/20/2022,1347,1361,1302,1338,-2.62,61116
2/21/2022,1342,1347,1330,1337,-0.07,33373
2/22/2022,1359,1359,1335,1335.6,-0.1,34162
2/23/2022,1360,1360,1330.1,1334,-0.12,17319
2/24/2022,1340,1340,1280,1292,-3.15,84131
2/27/2022,1266.2,1290,1262,1267,-1.93,102786
2/28/2022,1267,1292,1230,1242,-1.97,92319
3/2/2022,1240,1240,1179,1184.9,-4.6,135355
3/6/2022,1205,1205,1158.3,1159,-2.19,121365
3/7/2022,1170.1,1181,1152,1155,-0.35,94907
3/9/2022,1155,1175,1150,1170,1.3,39735
3/10/2022,1179.9,1218,1160,1210.6,3.47,72033
3/13/2022,1234.8,1284.1,1220,1274,5.24,155130
3/14/2022,1299,1299,1253,1272,-0.16,52110
3/15/2022,1289.9,1295,1245,1249,-1.81,94315
3/16/2022,1260,1279,1235,1241,-0.64,67378
3/20/2022,1250,1268,1235,1237,-0.32,131065
3/21/2022,1106,1110,1088,1109.5,2.25,77128
3/22/2022,1125,1179,1124,1167,5.18,59448
3/23/2022,1170.1,1175,1138,1141,-2.23,45861
3/24/2022,1158.9,1159,1120,1122,-1.67,41249
3/27/2022,1144,1161,1080,1085,-3.3,69836
3/28/2022,1098,1098,1057.2,1063,-2.03,54127
3/29/2022,1082,1083,1020,1024,-3.67,63695
3/30/2022,1026,1050,1014,1034,0.98,48992
3/31/2022,1030,1047.8,1030,1031,-0.29,38075
4/3/2022,1033,1035,1005,1016,-1.45,40551
4/4/2022,1014,1029,1011,1012,-0.39,21879
4/5/2022,1005,1012,984,989,-2.27,82031
4/6/2022,985,1007.9,971,979,-1.01,45733
4/7/2022,996.9,997,979,990,1.12,34304
4/11/2022,1009.8,1015,927.5,940,-5.05,174050
4/12/2022,951,951,925,941,0.11,33353
4/13/2022,950,960,935,954.9,1.48,29560
4/17/2022,970,973.7,951,955,0.01,33790
4/18/2022,955,968,944,944,-1.15,24298
4/19/2022,950,955,928,948,0.42,27822
4/20/2022,955,956.9,935.1,939.5,-0.9,22228
4/21/2022,950,950,925,941,0.16,27342
4/24/2022,958.9,960,940,950,0.96,77509
4/25/2022,968,972,941.1,941.2,-0.93,37294
4/26/2022,940,949,938,942,0.08,13730
4/27/2022,942,945,935,938.1,-0.41,23108
4/28/2022,949.9,950,933.8,934,-0.44,22681
5/2/2022,952.6,952.6,920,921.5,-1.34,28676
5/4/2022,921,921,908,908,-1.47,14774
5/5/2022,907,908,890,890.3,-1.95,32718
5/8/2022,907.8,907.8,881,898,0.86,28214
5/9/2022,904,909.9,895,905,0.78,32580
5/10/2022,909,950,906,949,4.86,20887
5/11/2022,966,966,946,957,0.84,28201
5/12/2022,957,975.8,940,949,-0.84,26517
5/17/2022,931,932,885,887,-6.53,47804
5/18/2022,890,899,870,888,0,44222
5/19/2022,900,900,882.5,882.5,-0.62,21616
5/20/2022,900,900,870,877,-0.62,22389
5/23/2022,892.9,892.9,845,850,-3.08,45127
5/24/2022,867,867,846,859,1.06,18398
5/25/2022,876.1,879,860,862,0.35,22493
5/26/2022,870,879,868,874,1.39,9549
5/27/2022,890,890,862,863,-1.26,17658
5/30/2022,850,879,848,854.9,-0.94,13914
5/31/2022,854,855,825,832,-2.68,29488
6/1/2022,845,845,821.1,824,-0.96,23642
6/2/2022,826,839.9,811,815,-1.09,22279
6/3/2022,815,820,790.9,791,-2.94,29398
6/6/2022,798.9,801,760,760,-3.92,59431
6/7/2022,750,775,742,748.9,-1.46,36462
6/8/2022,750,800,748,773,3.22,44527
6/9/2022,787,802,770,772,-0.13,50237
6/10/2022,787,787,757,774.4,0.31,26906
6/13/2022,774,774,755,760,-1.86,30186
6/14/2022,760,760,736,742,-2.37,44709
6/15/2022,740,740,724,730,-1.62,43308
6/16/2022,724,739.9,721,732,0.27,28716
6/17/2022,745,745,728.2,730,-0.27,7812
6/19/2022,731,736,716,717,-1.78,24466
6/20/2022,717,717,695,700,-2.37,48891
6/21/2022,695,723,686.2,702,0.29,46333
6/22/2022,702,710,690,693.9,-1.15,37943
6/23/2022,700,700,669.6,680,-2,43807
6/24/2022,685,693,654,683,0.44,25998
6/26/2022,690,719,690,705,3.22,55781
6/27/2022,719,730,700,702,-0.43,50461
6/28/2022,702,715,688,698,-0.57,33686
6/29/2022,698,710.8,696,706,1.15,27112
6/30/2022,719,749,705,748,5.95,67918
7/1/2022,755,765,736,757,1.2,39299
7/3/2022,757,800,742,800,5.68,57141
7/4/2022,810,858,789,816,2,109119
