Date,Open,High,Low,Close,Percent Change,Volume
3/11/2013,1909,1935,1906,1925,0.84,1470
3/13/2013,1925,1948,1910,1923,-0.1,994
3/14/2013,1923,1961,1900,1905,-0.94,2155
3/17/2013,1905,1910,1900,1907,0.1,796
3/18/2013,1907,1905,1870,1890,-0.89,930
3/19/2013,1890,1900,1850,1885,-0.26,1542
3/20/2013,1885,1885,1846,1853,-1.7,2114
3/21/2013,1853,1888,1850,1865,0.65,436
3/24/2013,1865,1870,1830,1870,0.27,1042
3/25/2013,1870,1859,1820,1859,-0.59,1410
3/27/2013,1859,1859,1822,1837,-1.18,1131
3/28/2013,1837,1869,1800,1869,1.74,2312
3/31/2013,1869,1880,1795,1830,-2.09,534
4/1/2013,1830,1830,1794,1830,0,1718
4/2/2013,1830,1845,1805,1845,0.82,1193
4/3/2013,1845,1881,1834,1855,0.54,441
4/4/2013,1855,1837,1800,1805,-2.7,1690
4/7/2013,1805,1810,1800,1810,0.28,85
4/8/2013,1810,1820,1802,1815,0.28,734
4/9/2013,1815,1830,1805,1806,-0.5,1788
4/11/2013,1806,1877,1820,1877,3.93,917
4/15/2013,1877,1914,1839,1839,-2.02,114
4/16/2013,1839,1830,1808,1828,-0.6,1489
4/17/2013,1828,1834,1818,1818,-0.55,1943
4/18/2013,1818,1821,1809,1820,0.11,2177
4/21/2013,1820,1820,1790,1805,-0.82,1175
4/22/2013,1805,1810,1772,1804,-0.06,3113
4/23/2013,1804,1841,1805,1825,1.16,769
4/25/2013,1825,1825,1800,1800,-1.37,5900
4/28/2013,1800,1815,1800,1800,0,1284
4/29/2013,1800,1825,1800,1815,0.83,1608
4/30/2013,1815,1825,1809,1825,0.55,1681
5/2/2013,1825,1810,1790,1800,-1.37,1892
5/5/2013,1800,1809,1760,1770,-1.67,1280
5/6/2013,1770,1750,1721,1725,-2.54,921
5/7/2013,1725,1750,1705,1732,0.41,1748
5/8/2013,1732,1730,1725,1730,-0.12,139
5/9/2013,1730,1760,1730,1760,1.73,384
5/12/2013,1760,1760,1727,1760,0,1687
5/13/2013,1760,1770,1730,1745,-0.85,775
5/14/2013,1745,1750,1745,1750,0.29,812
5/15/2013,1750,1775,1740,1747,-0.17,194
5/16/2013,1747,1775,1745,1755,0.46,309
5/19/2013,1755,1785,1765,1785,1.71,3226
5/20/2013,1785,1830,1765,1815,1.68,4646
5/21/2013,1815,1839,1800,1824,0.5,1410
5/22/2013,1824,1815,1800,1815,-0.49,1776
5/23/2013,1815,1805,1790,1800,-0.83,1260
5/26/2013,1800,1813,1800,1813,0.72,1127
5/27/2013,1813,1819,1810,1810,-0.17,6450
5/28/2013,1810,1820,1810,1810,0,513
5/30/2013,1810,1808,1780,1800,-0.55,1723
6/2/2013,1800,1802,1800,1800,0,2532
6/3/2013,1800,1815,1800,1815,0.83,224
6/4/2013,1815,1800,1800,1800,-0.83,788
6/5/2013,1800,1801,1780,1800,0,887
6/6/2013,1800,1810,1780,1810,0.56,3034
6/9/2013,1810,1818,1804,1818,0.44,524
6/10/2013,1818,1814,1800,1801,-0.94,353
6/11/2013,1801,1814,1800,1806,0.28,189
6/12/2013,1806,1809,1800,1809,0.17,945
6/13/2013,1809,1810,1800,1801,-0.44,678
6/16/2013,1801,1810,1800,1800,-0.06,2606
6/17/2013,1800,1801,1799,1801,0.06,681
6/18/2013,1801,1872,1800,1810,0.5,6546
6/19/2013,1810,1820,1800,1800,-0.55,257
6/20/2013,1800,1808,1789,1802,0.11,2427
6/23/2013,1802,1812,1800,1800,-0.11,691
6/24/2013,1800,1811,1801,1811,0.61,198
6/25/2013,1811,1836,1805,1810,-0.06,1303
6/26/2013,1810,1830,1810,1820,0.55,603
6/27/2013,1820,1810,1805,1810,-0.55,207
6/30/2013,1810,1804,1800,1801,-0.5,592
7/1/2013,1801,1825,1771,1825,1.33,260
7/2/2013,1825,1826,1800,1826,0.05,277
7/3/2013,1826,1809,1800,1803,-1.26,255
7/4/2013,1803,1805,1790,1795,-0.44,2311
7/7/2013,1795,1806,1799,1801,0.33,2293
7/8/2013,1801,1804,1780,1800,-0.06,1477
7/9/2013,1800,1815,1800,1805,0.28,2812
7/10/2013,1805,1825,1800,1817,0.66,1529
7/11/2013,1817,1850,1800,1850,1.82,2227
7/14/2013,1850,1829,1813,1823,-1.46,973
7/15/2013,1823,1837,1820,1820,-0.16,276
7/16/2013,1820,1825,1819,1825,0.27,329
7/17/2013,1825,1825,1825,1825,0,30
7/18/2013,1825,1854,1815,1850,1.37,1496
7/21/2013,1850,1936,1850,1929,4.27,4022
7/22/2013,1929,1979,1930,1955,1.35,2037
7/23/2013,1955,1955,1933,1955,0,777
7/24/2013,1955,1949,1930,1940,-0.77,353
7/25/2013,1940,1935,1930,1930,-0.52,1035
7/28/2013,1930,1940,1920,1940,0.52,337
7/29/2013,1940,1952,1930,1949,0.46,563
7/30/2013,1949,1960,1945,1959,0.51,803
7/31/2013,1959,1960,1930,1940,-0.97,3674
8/1/2013,1940,1962,1915,1927,-0.67,2240
8/4/2013,1927,1960,1905,1905,-1.14,3867
8/5/2013,1905,1916,1910,1912,0.37,706
8/6/2013,1912,1929,1900,1900,-0.63,2640
8/7/2013,1900,1920,1915,1920,1.05,257
8/8/2013,1920,1935,1900,1900,-1.04,741
8/11/2013,1900,1900,1875,1875,-1.32,1909
8/12/2013,1875,1905,1865,1875,0,995
8/13/2013,1875,1901,1870,1870,-0.27,609
8/14/2013,1870,1900,1850,1850,-1.07,1534
8/15/2013,1850,1870,1825,1840,-0.54,557
8/18/2013,1840,1845,1800,1835,-0.27,596
8/19/2013,1835,1840,1821,1840,0.27,1211
8/20/2013,1840,1850,1830,1835,-0.27,1024
8/25/2013,1835,1870,1815,1840,0.27,737
8/26/2013,1840,1850,1825,1825,-0.82,839
8/27/2013,1825,1845,1820,1835,0.55,932
8/29/2013,1835,1861,1826,1826,-0.49,1022
9/1/2013,1826,1845,1825,1840,0.77,1952
9/2/2013,1840,1848,1827,1840,0,884
9/3/2013,1840,1848,1820,1835,-0.27,1193
9/4/2013,1835,1835,1830,1830,-0.27,1308
9/5/2013,1830,1830,1820,1830,0,1006
9/8/2013,1830,1900,1805,1890,3.28,1646
9/9/2013,1890,1890,1870,1870,-1.06,1079
9/10/2013,1870,1870,1840,1840,-1.6,532
9/11/2013,1840,1850,1840,1849,0.49,543
9/12/2013,1849,1853,1835,1835,-0.76,679
9/15/2013,1835,1860,1815,1835,0,1875
9/16/2013,1835,1850,1810,1844,0.49,855
9/17/2013,1844,1840,1805,1830,-0.76,1398
9/19/2013,1830,1825,1765,1795,-1.91,1129
9/22/2013,1795,1800,1740,1740,-3.06,1398
9/23/2013,1740,1730,1710,1715,-1.44,1020
9/24/2013,1715,1740,1700,1735,1.17,1439
9/25/2013,1735,1736,1710,1715,-1.15,1127
9/26/2013,1715,1737,1720,1722,0.41,615
9/29/2013,1722,1722,1690,1695,-1.57,1313
9/30/2013,1695,1700,1666,1666,-1.71,1172
10/1/2013,1666,1716,1640,1682,0.96,532
10/2/2013,1682,1715,1682,1695,0.77,861
10/3/2013,1695,1717,1675,1681,-0.83,3047
10/6/2013,1681,1700,1670,1695,0.83,2553
10/7/2013,1695,1713,1700,1700,0.29,2103
10/8/2013,1700,1725,1720,1725,1.47,207
10/9/2013,1725,1759,1710,1759,1.97,1127
10/10/2013,1759,1793,1760,1760,0.06,124
10/17/2013,1760,1780,1760,1780,1.14,220
10/20/2013,1780,1802,1750,1800,1.12,2441
10/21/2013,1800,1860,1801,1815,0.83,974
10/22/2013,1815,1810,1800,1805,-0.55,489
10/23/2013,1805,1820,1800,1800,-0.28,506
10/24/2013,1800,1804,1755,1790,-0.56,1741
10/27/2013,1790,1841,1783,1841,2.85,3949
10/28/2013,1841,1805,1790,1795,-2.5,1409
10/29/2013,1795,1820,1790,1790,-0.28,5768
10/30/2013,1790,1667,1650,1650,-7.82,454
10/31/2013,1650,1670,1626,1627,-1.39,532
11/6/2013,1627,1620,1617,1620,-0.43,64
11/7/2013,1620,1630,1614,1625,0.31,1263
11/10/2013,1625,1630,1601,1630,0.31,606
11/11/2013,1630,1690,1650,1661,1.9,479
11/12/2013,1661,1708,1670,1670,0.54,2026
11/13/2013,1670,1700,1680,1699,1.74,576
11/14/2013,1699,1675,1666,1668,-1.82,896
11/21/2013,1668,1800,1701,1800,7.91,113
11/24/2013,1800,1980,1836,1900,5.56,2886
11/25/2013,1900,1910,1865,1899,-0.05,2385
11/26/2013,1899,1900,1870,1900,0.05,997
11/27/2013,1900,1870,1850,1870,-1.58,356
11/28/2013,1870,1851,1815,1815,-2.94,221
12/1/2013,1815,1849,1811,1820,0.28,907
12/2/2013,1820,1800,1771,1800,-1.1,779
12/3/2013,1800,1800,1780,1790,-0.56,1379
12/4/2013,1790,1900,1820,1866,4.25,3025
12/5/2013,1866,1976,1880,1900,1.82,4207
12/8/2013,1900,1899,1880,1880,-1.05,2551
12/9/2013,1880,1880,1865,1880,0,966
12/10/2013,1880,1880,1855,1875,-0.27,2048
12/11/2013,1875,1912,1870,1899,1.28,2848
12/12/2013,1899,1909,1885,1902,0.16,1413
12/15/2013,1902,1920,1881,1920,0.95,6108
12/16/2013,1920,2009,1925,2001,4.22,1960
12/18/2013,2001,2168,1970,2168,8.35,1944
12/19/2013,2168,2175,2020,2122,-2.12,6130
12/22/2013,2122,2115,2080,2080,-1.98,3839
12/23/2013,2080,2040,2000,2005,-3.61,1939
12/24/2013,2005,2084,1995,2030,1.25,3821
12/26/2013,2030,2130,2070,2102,3.55,5123
12/29/2013,2102,2090,2025,2075,-1.28,1558
12/31/2013,2075,2090,2015,2025,-2.41,1706
1/1/2014,2025,2020,1970,1970,-2.72,930
1/2/2014,1970,2015,1950,2015,2.28,2139
1/5/2014,2015,2015,2000,2000,-0.74,750
1/6/2014,2000,2003,1995,1996,-0.2,907
1/7/2014,1996,2000,1960,1990,-0.3,1438
1/8/2014,1990,2020,2000,2000,0.5,1334
1/9/2014,2000,2015,1980,1990,-0.5,559
1/12/2014,1990,2010,1975,2001,0.55,385
1/13/2014,2001,2012,1960,1960,-2.05,793
1/14/2014,1960,1961,1950,1951,-0.46,1036
1/16/2014,1951,1980,1950,1954,0.15,3531
1/19/2014,1954,1990,1957,1975,1.07,2359
1/20/2014,1975,1975,1950,1950,-1.27,3366
1/21/2014,1950,1975,1950,1955,0.26,4879
1/22/2014,1955,1955,1940,1953,-0.1,3884
1/23/2014,1953,2004,1950,1990,1.89,4782
1/26/2014,1990,1970,1952,1954,-1.81,2139
1/27/2014,1954,1970,1950,1952,-0.1,2652
1/28/2014,1952,1960,1950,1950,-0.1,2009
1/29/2014,1950,1960,1950,1956,0.31,1848
2/2/2014,1956,1961,1950,1950,-0.31,3499
2/3/2014,1950,1945,1902,1907,-2.21,3440
2/4/2014,1907,1941,1890,1941,1.78,709
2/5/2014,1941,1945,1930,1940,-0.05,2072
2/6/2014,1940,1976,1940,1941,0.05,1074
2/9/2014,1941,1945,1930,1930,-0.57,2441
2/10/2014,1930,2020,1962,1975,2.33,1547
2/11/2014,1975,1980,1940,1960,-0.76,3381
2/12/2014,1960,1955,1940,1940,-1.02,1394
2/13/2014,1940,1958,1930,1950,0.52,1134
2/16/2014,1950,1930,1892,1929,-1.08,916
2/17/2014,1929,1955,1929,1935,0.31,2018
2/18/2014,1935,1955,1932,1951,0.83,2771
2/20/2014,1951,1950,1912,1925,-1.33,661
2/23/2014,1925,1968,1930,1932,0.36,2299
2/24/2014,1932,1951,1930,1930,-0.1,8412
2/25/2014,1930,1945,1930,1940,0.52,1743
2/26/2014,1940,1960,1915,1919,-1.08,1191
3/3/2014,1919,1946,1896,1900,-0.99,2073
3/4/2014,1900,1900,1833,1850,-2.63,957
3/5/2014,1850,1892,1800,1865,0.81,4205
3/6/2014,1865,1875,1835,1865,0,1268
3/9/2014,1865,1865,1835,1846,-1.02,748
3/10/2014,1846,1822,1800,1822,-1.3,946
3/11/2014,1822,1829,1805,1810,-0.66,1726
3/12/2014,1810,1810,1781,1781,-1.6,1677
3/13/2014,1781,1810,1790,1795,0.79,551
3/17/2014,1795,1785,1745,1750,-2.51,461
3/18/2014,1750,1725,1692,1692,-3.31,1252
3/19/2014,1692,1735,1715,1735,2.54,196
3/20/2014,1735,1790,1740,1790,3.17,361
3/23/2014,1790,1800,1760,1800,0.56,644
3/24/2014,1800,1800,1790,1791,-0.5,404
3/25/2014,1791,1800,1777,1791,0,694
3/26/2014,1791,1795,1745,1760,-1.73,1425
3/27/2014,1760,1795,1740,1760,0,1289
3/31/2014,1760,1764,1750,1760,0,1918
4/1/2014,1760,1775,1750,1775,0.85,1933
4/2/2014,1775,1780,1755,1780,0.28,1206
4/3/2014,1780,1786,1770,1771,-0.51,2291
4/6/2014,1771,1771,1740,1750,-1.19,1479
4/7/2014,1750,1755,1722,1743,-0.4,2041
4/9/2014,1743,1748,1740,1748,0.29,1625
4/10/2014,1748,1801,1740,1800,2.97,4479
4/13/2014,1800,1824,1800,1818,1,1821
4/15/2014,1818,1830,1800,1805,-0.72,1755
4/16/2014,1805,1790,1780,1780,-1.39,956
4/17/2014,1780,1775,1755,1758,-1.24,1920
4/20/2014,1758,1775,1760,1775,0.97,523
4/21/2014,1775,1795,1750,1795,1.13,2658
4/22/2014,1795,1810,1780,1795,0,716
4/23/2014,1795,1815,1795,1805,0.56,1531
4/27/2014,1805,1800,1780,1795,-0.55,944
4/28/2014,1795,1794,1750,1750,-2.51,965
4/29/2014,1750,1775,1743,1751,0.06,1148
4/30/2014,1751,1820,1785,1799,2.74,549
5/4/2014,1799,1800,1795,1795,-0.22,65
5/5/2014,1795,1800,1799,1800,0.28,609
5/6/2014,1800,1850,1810,1821,1.17,2229
5/7/2014,1821,1850,1800,1813,-0.44,2990
5/8/2014,1813,1815,1777,1810,-0.17,2110
5/11/2014,1810,1845,1790,1804,-0.33,2179
5/12/2014,1804,1810,1775,1775,-1.61,702
5/13/2014,1775,1800,1760,1799,1.35,5902
5/15/2014,1799,1810,1790,1797,-0.11,2565
5/18/2014,1797,1805,1791,1799,0.11,1368
5/19/2014,1799,1799,1760,1772,-1.5,787
5/20/2014,1772,1786,1760,1783,0.62,638
5/21/2014,1783,1775,1760,1770,-0.73,1439
5/22/2014,1770,1775,1760,1775,0.28,2100
5/25/2014,1775,1810,1774,1800,1.41,2835
5/26/2014,1800,1808,1796,1804,0.22,1223
5/27/2014,1804,1800,1765,1765,-2.16,1764
5/28/2014,1765,1790,1764,1790,1.42,1157
6/1/2014,1790,1805,1780,1790,0,1757
6/2/2014,1790,1841,1800,1833,2.4,4299
6/3/2014,1833,1897,1830,1880,2.56,3834
6/4/2014,1880,1901,1865,1901,1.12,2009
6/5/2014,1901,1924,1900,1924,1.21,3451
6/8/2014,1924,1999,1910,1975,2.65,11030
6/9/2014,1975,2014,1975,1990,0.76,6062
6/10/2014,1990,2009,1990,1995,0.25,6384
6/11/2014,1995,2022,1995,1995,0,7147
6/12/2014,1995,2160,2009,2160,8.27,12425
6/15/2014,2160,2376,2200,2376,10,13313
6/16/2014,2376,2598,2400,2598,9.34,24239
6/17/2014,2598,2600,2410,2480,-4.54,20095
6/18/2014,2480,2525,2431,2431,-1.98,8749
6/19/2014,2431,2448,2385,2448,0.7,10783
6/23/2014,2448,2450,2355,2379,-2.82,1753
6/24/2014,2379,2462,2350,2415,1.51,4177
6/25/2014,2415,2465,2400,2465,2.07,7769
6/26/2014,2465,2500,2432,2500,1.42,6189
6/29/2014,2500,2510,2492,2492,-0.32,4945
6/30/2014,2492,2500,2477,2498,0.24,1613
7/1/2014,2498,2500,2460,2460,-1.52,1508
7/2/2014,2460,2500,2465,2490,1.22,2203
7/3/2014,2490,2498,2445,2488,-0.08,2875
7/6/2014,2488,2510,2470,2488,0,3076
7/7/2014,2488,2510,2480,2490,0.08,4362
7/8/2014,2490,2560,2500,2535,1.81,5018
7/9/2014,2535,2675,2550,2651,4.58,4933
7/10/2014,2651,2735,2611,2735,3.17,8791
7/13/2014,2735,2900,2700,2770,1.28,11426
7/14/2014,2770,2795,2710,2791,0.76,4243
7/15/2014,2791,2799,2765,2775,-0.57,5364
7/16/2014,2775,2830,2750,2799,0.86,8189
7/17/2014,2799,2917,2790,2917,4.22,7689
7/20/2014,2917,3094,2950,3023,3.63,8254
7/21/2014,3023,3010,2948,2995,-0.93,6358
7/22/2014,2995,2999,2921,2970,-0.83,6116
7/23/2014,2970,3000,2961,2980,0.34,2944
7/24/2014,2980,2980,2890,2950,-1.01,2417
7/27/2014,2950,2980,2910,2920,-1.02,901
7/28/2014,2920,2900,2840,2865,-1.88,1007
7/30/2014,2865,2875,2820,2830,-1.22,1254
7/31/2014,2830,2828,2790,2800,-1.06,4553
8/3/2014,2800,2805,2732,2732,-2.43,3795
8/4/2014,2732,2750,2700,2700,-1.17,5731
8/5/2014,2700,2775,2700,2705,0.19,2009
8/6/2014,2705,2725,2690,2725,0.74,1651
8/7/2014,2725,2700,2652,2696,-1.06,3139
8/12/2014,2696,2715,2620,2630,-2.45,1616
8/13/2014,2630,2681,2510,2600,-1.14,5041
8/14/2014,2600,2701,2650,2701,3.88,1253
8/18/2014,2701,2710,2600,2610,-3.37,2739
8/19/2014,2610,2650,2580,2591,-0.73,2723
8/20/2014,2591,2605,2499,2520,-2.74,3451
8/21/2014,2520,2715,2400,2715,7.74,2841
8/24/2014,2715,2700,2550,2554,-5.93,3977
8/25/2014,2554,2604,2400,2448,-4.15,3606
8/26/2014,2448,2488,2290,2298,-6.13,6046
8/27/2014,2298,2430,2343,2410,4.87,2923
8/28/2014,2410,2500,2445,2500,3.73,3818
8/31/2014,2500,2550,2400,2430,-2.8,4936
9/1/2014,2430,2435,2188,2330,-4.12,3059
9/3/2014,2330,2420,2330,2335,0.21,2862
9/4/2014,2335,2330,2260,2300,-1.5,1775
9/7/2014,2300,2260,2120,2120,-7.83,1372
9/9/2014,2120,2299,2100,2299,8.44,2873
9/10/2014,2299,2380,2250,2255,-1.91,4411
9/11/2014,2255,2285,2212,2285,1.33,2674
9/15/2014,2221,2340,2250,2251,1.35,4385
9/16/2014,2251,2295,2240,2295,1.95,2790
9/17/2014,2295,2300,2260,2280,-0.65,2396
9/21/2014,2270,2230,2150,2210,-2.64,946
9/22/2014,2210,2210,2151,2160,-2.26,623
9/23/2014,2160,2230,2185,2205,2.08,1236
9/24/2014,2205,2293,2205,2290,3.85,1237
9/28/2014,2290,2250,2061,2061,-10,2685
9/29/2014,2061,2100,2000,2099,1.84,5523
9/30/2014,2099,2140,2090,2095,-0.19,3329
10/8/2014,2095,2100,2055,2090,-0.24,583
10/9/2014,2090,2114,2070,2114,1.15,740
10/12/2014,2114,2116,2065,2065,-2.32,341
10/13/2014,2065,2106,2065,2068,0.15,768
10/14/2014,2068,2108,2080,2100,1.55,1124
10/15/2014,2100,2110,2070,2075,-1.19,2338
10/16/2014,2075,2110,2078,2095,0.96,2374
10/19/2014,2095,2155,2100,2104,0.43,1127
10/20/2014,2104,2142,2080,2100,-0.19,1743
10/21/2014,2100,2129,2100,2120,0.95,1961
10/22/2014,2120,2118,2100,2118,-0.09,2332
10/26/2014,2118,2190,2125,2125,0.33,274
10/27/2014,2125,2130,2098,2098,-1.27,1908
10/28/2014,2098,2149,2097,2126,1.33,6816
10/30/2014,2126,2159,2120,2140,0.66,20195
11/2/2014,1945,1948,1880,1948,0.15,1984
11/3/2014,1948,1910,1851,1860,-4.52,1806
11/4/2014,1860,1823,1786,1800,-3.23,1365
11/5/2014,1800,1842,1830,1842,2.33,444
11/6/2014,1842,1835,1810,1833,-0.49,1479
11/9/2014,1833,1830,1780,1810,-1.25,1376
11/10/2014,1810,1780,1751,1775,-1.93,564
11/11/2014,1775,1810,1775,1775,0,439
11/12/2014,1775,1840,1790,1790,0.85,1000
11/13/2014,1790,1820,1775,1780,-0.56,1164
11/16/2014,1780,1805,1750,1761,-1.07,449
11/17/2014,1761,1735,1727,1728,-1.87,529
11/18/2014,1728,1725,1657,1719,-0.52,2352
11/19/2014,1719,1740,1710,1735,0.93,2191
11/20/2014,1735,1760,1730,1730,-0.29,2954
11/23/2014,1730,1764,1730,1730,0,1146
11/24/2014,1730,1750,1700,1716,-0.81,5636
11/25/2014,1716,1750,1716,1750,1.98,457
11/30/2014,1750,1765,1750,1765,0.86,482
12/1/2014,1765,1789,1754,1789,1.36,2393
12/2/2014,1789,1789,1730,1730,-3.3,422
12/3/2014,1730,1770,1760,1761,1.79,613
12/4/2014,1761,1805,1768,1779,1.02,4025
12/7/2014,1779,1770,1751,1760,-1.07,264
12/8/2014,1760,1770,1750,1770,0.57,990
12/9/2014,1770,1765,1765,1765,-0.28,60
12/10/2014,1765,1800,1750,1798,1.87,2008
12/11/2014,1798,1849,1810,1849,2.84,1026
12/14/2014,1849,1922,1885,1922,3.95,2363
12/15/2014,1922,1999,1917,1979,2.97,2437
12/16/2014,1979,1990,1913,1990,0.56,2800
12/17/2014,1990,1960,1911,1911,-3.97,723
12/18/2014,1911,1945,1900,1920,0.47,845
12/21/2014,1920,1920,1920,1920,0,112
12/22/2014,1920,1900,1900,1900,-1.04,216
12/23/2014,1900,1878,1861,1861,-2.05,179
12/24/2014,1861,1906,1852,1906,2.42,1169
12/28/2014,1906,1942,1920,1930,1.26,1357
12/29/2014,1930,1975,1950,1955,1.3,556
12/31/2014,1955,1955,1920,1920,-1.79,223
1/1/2015,1920,1915,1915,1915,-0.26,79
1/4/2015,1915,1940,1920,1939,1.25,1946
1/5/2015,1939,1955,1939,1949,0.52,2540
1/6/2015,1949,1950,1900,1903,-2.36,1312
1/7/2015,1903,1941,1903,1925,1.16,1092
1/8/2015,1925,1946,1940,1945,1.04,249
1/11/2015,1945,1966,1935,1945,0,1221
1/12/2015,1945,1945,1912,1921,-1.23,801
1/13/2015,1921,1940,1906,1915,-0.31,887
1/14/2015,1915,1951,1912,1920,0.26,2068
1/18/2015,1920,1947,1830,1830,-4.69,108586
1/19/2015,1830,2013,1800,2013,10,141574
1/20/2015,2013,2060,1973,2060,2.33,1538
1/22/2015,2060,2049,1984,2015,-2.18,1695
1/25/2015,2015,2055,2000,2043,1.39,1389
1/26/2015,2043,2075,2050,2050,0.34,1382
1/27/2015,2050,2081,2050,2080,1.46,1144
1/28/2015,2080,2135,2100,2101,1.01,2684
1/29/2015,2101,2170,2100,2120,0.9,2119
2/1/2015,2120,2150,2123,2150,1.42,1477
2/2/2015,2150,2170,2150,2150,0,910
2/3/2015,2150,2160,2145,2150,0,1676
2/4/2015,2150,2185,2170,2178,1.3,1232
2/5/2015,2178,2165,2135,2155,-1.06,1332
2/8/2015,2155,2148,2121,2121,-1.58,1085
2/9/2015,2121,2120,2100,2100,-0.99,1550
2/10/2015,2100,2100,2055,2080,-0.95,2002
2/11/2015,2080,2075,2061,2075,-0.24,361
2/12/2015,2075,2075,2034,2050,-1.2,1053
2/15/2015,2050,2081,2040,2081,1.51,1447
2/16/2015,2081,2070,2070,2070,-0.53,65
2/19/2015,2070,2045,2030,2040,-1.45,357
2/22/2015,2040,2020,1990,1990,-2.45,1349
2/23/2015,1990,2045,1985,2045,2.76,1555
2/24/2015,2045,2005,1990,1990,-2.69,1853
2/25/2015,1990,2000,2000,2000,0.5,48
2/26/2015,2000,2000,2000,2000,0,30
3/1/2015,2011,2000,2000,2000,-0.55,55
3/2/2015,2000,2030,2000,2030,1.5,733
3/3/2015,2030,2020,2000,2000,-1.48,350
3/4/2015,2000,2019,2002,2005,0.25,1236
3/9/2015,2005,2080,2032,2050,2.24,3468
3/10/2015,2050,2055,2030,2055,0.24,1027
3/11/2015,2055,2068,2040,2065,0.49,1095
3/12/2015,2065,2030,2024,2025,-1.94,460
3/15/2015,2025,2010,1990,2010,-0.74,358
3/16/2015,2010,1975,1937,1950,-2.99,673
3/17/2015,1950,1980,1915,1955,0.26,3701
3/18/2015,1955,1940,1920,1938,-0.87,1635
3/19/2015,1938,1975,1950,1960,1.14,1626
3/22/2015,1960,1970,1930,1941,-0.97,1771
3/23/2015,1941,1929,1916,1929,-0.62,1223
3/24/2015,1929,1932,1915,1930,0.05,681
3/25/2015,1930,1925,1914,1920,-0.52,1946
3/26/2015,1920,1945,1910,1930,0.52,869
3/29/2015,1930,1935,1900,1935,0.26,285
3/30/2015,1935,1945,1910,1945,0.52,546
3/31/2015,1945,1940,1920,1938,-0.36,1541
4/1/2015,1938,1939,1910,1939,0.05,680
4/2/2015,1939,1944,1917,1943,0.21,2030
4/5/2015,1943,1935,1920,1930,-0.67,146
4/6/2015,1930,1955,1880,1955,1.3,851
4/7/2015,1955,1925,1900,1912,-2.2,1328
4/8/2015,1912,1952,1923,1944,1.67,208
4/9/2015,1944,1965,1935,1940,-0.21,1173
4/12/2015,1940,1990,1951,1990,2.58,1444
4/13/2015,1990,1960,1921,1959,-1.56,391
4/15/2015,1959,1935,1915,1935,-1.23,2057
4/16/2015,1935,1980,1897,1980,2.33,25054
4/19/2015,1980,1965,1921,1964,-0.81,322
4/20/2015,1964,1980,1980,1980,0.81,35
4/21/2015,1980,2015,1960,1999,0.96,1185
4/22/2015,1999,1975,1970,1970,-1.45,463
4/23/2015,1969,1969,1941,1965,-0.2,903
5/26/2015,1965,1926,1769,1769,-9.97,229
5/27/2015,1769,1734,1640,1640,-7.29,4098
5/28/2015,1640,1689,1639,1689,2.99,1312
5/31/2015,1689,1850,1710,1829,8.29,1038
6/1/2015,1829,1864,1795,1825,0.6,6131
6/2/2015,1840,1850,1813,1850,0.54,2771
6/3/2015,1850,1926,1840,1890,2.16,3913
6/4/2015,1890,1900,1853,1900,0.53,1527
6/7/2015,1900,1915,1870,1915,0.79,1411
6/8/2015,1915,1950,1900,1924,0.47,2497
6/9/2015,1924,2041,1962,2000,3.95,3008
6/10/2015,2000,2000,1979,1999,-0.05,733
6/11/2015,1999,1966,1915,1950,-2.45,1368
6/14/2015,1950,1955,1901,1902,-2.46,905
6/15/2015,1902,1935,1890,1910,0.42,628
6/16/2015,1910,1910,1905,1905,-0.26,134
6/17/2015,1905,1910,1899,1899,-0.31,972
6/18/2015,1899,1900,1875,1875,-1.26,476
6/21/2015,1875,1905,1865,1880,0.27,807
6/22/2015,1885,1892,1875,1889,0.48,756
6/23/2015,1885,1887,1875,1879,-0.53,2352
6/24/2015,1880,1890,1875,1885,0.32,592
6/25/2015,1885,1910,1880,1885,0,1270
6/28/2015,1885,1900,1880,1900,0.8,1561
6/29/2015,1900,1915,1890,1915,0.79,1501
6/30/2015,1945,1977,1939,1977,3.24,237
7/1/2015,1940,1940,1900,1925,-2.63,1450
7/2/2015,1910,1915,1896,1900,-1.3,1668
7/5/2015,1912,1912,1900,1900,0,664
7/6/2015,1895,1904,1890,1904,0.21,768
7/7/2015,1876,1930,1876,1924,1.05,1263
7/8/2015,1935,1935,1911,1911,-0.68,1067
7/9/2015,1900,1928,1900,1925,0.73,1294
7/12/2015,1940,1944,1890,1944,0.99,3215
7/13/2015,1949,1949,1910,1915,-1.49,375
7/14/2015,1924,1924,1911,1920,0.26,504
7/15/2015,1920,1928,1910,1928,0.42,640
7/16/2015,1928,1943,1930,1943,0.78,596
7/22/2015,1926,1961,1926,1960,0.87,754
7/23/2015,1960,2156,1980,2156,10,4806
7/26/2015,2156,2199,2199,2199,1.99,21
7/27/2015,2199,2418,2206,2390,8.69,26161
7/28/2015,2390,2389,2275,2301,-3.72,8939
7/29/2015,2301,2305,2260,2295,-0.26,5289
7/30/2015,2295,2380,2285,2330,1.53,4608
8/2/2015,2330,2350,2330,2350,0.86,3001
8/3/2015,2350,2346,2326,2344,-0.26,4396
8/4/2015,2344,2350,2320,2338,-0.26,5293
8/5/2015,2338,2320,2265,2320,-0.77,3982
8/6/2015,2320,2345,2300,2328,0.34,6300
8/9/2015,2328,2560,2374,2500,7.39,7467
8/10/2015,2500,2706,2550,2680,7.2,1821
8/11/2015,2680,2700,2600,2635,-1.68,3335
8/12/2015,2645,2650,2590,2630,-0.19,3873
8/13/2015,2655,2740,2655,2730,3.8,4922
8/16/2015,2750,2912,2750,2900,6.59,5844
8/17/2015,2968,3115,2920,3005,3.26,6956
8/18/2015,3065,3065,2920,2970,-1.16,7087
8/19/2015,2990,3000,2990,2995,0.84,7133
8/20/2015,3054,3150,2980,2999,0.13,2225
8/23/2015,2945,2980,2900,2941,-1.93,7258
8/24/2015,2990,3005,2900,2900,-1.39,3405
8/25/2015,2843,2890,2790,2890,-0.34,2990
8/26/2015,2870,2880,2865,2866,-0.83,2172
8/27/2015,2923,2900,2866,2892,0.91,3696
8/31/2015,2850,2950,2840,2922,1.04,5852
9/1/2015,2922,2912,2850,2853,-2.36,2211
9/2/2015,2853,2860,2772,2800,-1.86,2195
9/3/2015,2750,2800,2700,2800,0,4402
9/6/2015,2800,2804,2691,2775,-0.89,4707
9/7/2015,2800,2860,2799,2800,0.9,2629
9/8/2015,2800,2810,2790,2795,-0.18,4368
9/9/2015,2850,2850,2752,2800,0.18,3444
9/10/2015,2761,2800,2761,2795,-0.18,1305
9/13/2015,2740,2803,2740,2798,0.11,1859
9/14/2015,2853,2880,2800,2850,1.86,2703
9/15/2015,2860,2888,2858,2873,0.84,3358
9/16/2015,2860,2895,2845,2851,-0.8,6343
9/17/2015,2850,2860,2805,2840,-0.88,4528
9/22/2015,2840,2840,2702,2702,-4.39,5939
9/23/2015,2756,2825,2755,2811,4.55,2143
9/24/2015,2800,2800,2775,2795,-1.06,4729
9/28/2015,2740,2745,2700,2730,-2.33,2681
9/29/2015,2710,2760,2710,2760,1.1,2186
9/30/2015,2760,2881,2760,2820,2.17,5578
10/1/2015,2840,2865,2798,2815,-0.18,3294
10/4/2015,2871,2900,2861,2875,2.13,4894
10/5/2015,2818,2856,2790,2850,-0.87,2818
10/6/2015,2825,2830,2800,2808,-1.47,6887
10/7/2015,2800,2800,2750,2798,-0.28,5142
10/8/2015,2770,2812,2760,2812,0.43,3307
10/11/2015,2760,2780,2751,2760,-1.85,5002
10/14/2015,2750,2750,2720,2720,-1.45,3866
10/15/2015,2700,2735,2646,2700,-0.74,2191
10/18/2015,2655,2655,2591,2601,-3.67,2455
10/19/2015,2602,2660,2602,2653,2,1579
10/25/2015,2615,2615,2592,2605,-1.81,1327
10/27/2015,2553,2553,2500,2503,-3.91,1056
10/28/2015,2460,2489,2350,2489,-0.56,5224
10/29/2015,2489,2538,2470,2490,0.04,2299
11/1/2015,2480,2530,2480,2520,1.2,4581
11/2/2015,2540,2550,2500,2505,-0.79,1818
11/3/2015,2501,2511,2475,2509,0.44,1945
11/4/2015,2500,2520,2500,2511,0,2382
11/5/2015,2540,2540,2500,2515,0.16,678
11/8/2015,2514,2515,2504,2507,-0.44,1864
11/9/2015,2554,2570,2540,2570,2.64,1451
11/10/2015,2530,2590,2530,2590,0.78,2230
11/15/2015,2590,2590,2505,2530,-2.32,1544
11/16/2015,2550,2550,2520,2534,0.16,614
11/18/2015,2550,2585,2550,2560,1.03,932
11/19/2015,2510,2535,2510,2534,-1.02,1874
11/22/2015,2505,2508,2475,2492,-1.66,5613
11/23/2015,2450,2450,2401,2450,-1.69,903
11/24/2015,2450,2515,2450,2500,2.04,323
11/25/2015,2490,2490,2431,2431,-2.76,2121
11/26/2015,2400,2405,2375,2400,-1.28,4613
11/29/2015,2401,2401,2320,2321,-3.29,1824
11/30/2015,2367,2379,2350,2375,2.33,987
12/1/2015,2375,2465,2375,2465,3.79,1152
12/2/2015,2460,2460,2430,2430,-1.42,1560
12/3/2015,2400,2488,2400,2462,1.32,3612
12/4/2015,2500,2680,2500,2680,8.85,5369
12/7/2015,2690,2750,2548,2548,-4.93,9003
12/8/2015,2449,2498,2294,2365,-7.18,7482
12/9/2015,2370,2441,2370,2435,2.96,2507
12/10/2015,2460,2461,2430,2450,0.62,2189
12/13/2015,2465,2480,2465,2475,1.02,1085
12/14/2015,2524,2524,2452,2475,0,1702
12/15/2015,2470,2470,2400,2411,-2.59,2110
12/16/2015,2435,2455,2425,2425,0.58,4937
12/17/2015,2400,2400,2390,2399,-1.03,1047
12/20/2015,2400,2425,2405,2412,0.5,684
12/21/2015,2412,2439,2411,2439,1.12,3817
12/22/2015,2450,2480,2450,2465,1.07,1698
12/23/2015,2465,2525,2435,2520,2.23,2795
12/24/2015,2510,2515,2501,2510,-0.4,1113
12/25/2015,2503,2509,2495,2495,-0.6,910
12/28/2015,2495,2500,2460,2460,-1.4,513
12/29/2015,2460,2615,2500,2600,5.69,5915
12/31/2015,2552,2685,2552,2645,1.73,1924
1/3/2016,2615,2655,2615,2630,-0.57,2378
1/4/2016,2630,2590,2550,2555,-2.85,805
1/5/2016,2549,2565,2549,2565,0.39,1097
1/6/2016,2550,2580,2550,2566,0.04,786
1/7/2016,2566,2600,2566,2590,0.94,1419
1/10/2016,2590,2625,2545,2610,0.77,3215
1/11/2016,2590,2600,2575,2580,-1.15,2034
1/12/2016,2600,2605,2595,2597,0.62,1892
1/13/2016,2596,2620,2585,2620,0.92,2249
1/14/2016,2625,2690,2625,2675,2.1,3450
1/17/2016,2700,2728,2675,2700,0.93,2209
1/18/2016,2700,2715,2678,2687,-0.67,2595
1/19/2016,2651,2675,2645,2670,-0.63,1428
1/20/2016,2650,2671,2645,2645,-0.94,4939
1/21/2016,2645,2645,2600,2645,0,1731
1/24/2016,2645,2660,2600,2646,0.04,1389
1/25/2016,2695,2695,2650,2650,0.15,2357
1/26/2016,2650,2660,2641,2655,0.19,3463
1/27/2016,2655,2670,2635,2660,0.19,1417
1/28/2016,2640,2650,2640,2650,-0.38,3019
1/31/2016,2670,2670,2654,2660,0.38,1370
2/1/2016,2660,2715,2670,2715,2.07,4792
2/2/2016,2748,2750,2695,2715,0,2634
2/3/2016,2715,2730,2690,2711,-0.15,1322
2/4/2016,2750,2750,2700,2740,0.89,3666
2/7/2016,2735,2790,2752,2760,0.91,2938
2/8/2016,2760,2775,2751,2755,-0.18,4865
2/11/2016,2755,2746,2688,2700,-2,3133
2/14/2016,2740,2740,2685,2686,-0.52,523
2/15/2016,2685,2690,2631,2690,0.15,779
2/16/2016,2690,2688,2670,2680,-0.37,270
2/17/2016,2680,2711,2627,2690,0.37,4028
2/18/2016,2690,2679,2637,2669,-0.78,2574
2/21/2016,2660,2700,2660,2670,0.04,4522
2/22/2016,2660,2907,2650,2850,6.74,11549
2/23/2016,2850,2940,2801,2815,-1.23,8129
2/24/2016,2830,2830,2795,2805,-0.36,8212
2/25/2016,2790,2810,2750,2800,-0.18,6556
2/28/2016,2800,2820,2790,2800,0,5948
2/29/2016,2800,2820,2800,2820,0.71,2548
3/1/2016,2815,2815,2800,2802,-0.64,2556
3/2/2016,2810,2810,2785,2810,0.28,2177
3/3/2016,2815,2815,2785,2800,-0.36,977
3/6/2016,2820,2850,2820,2835,1.25,1536
3/10/2016,2891,2900,2800,2820,-0.53,1043
3/13/2016,2815,2825,2811,2820,0,2679
3/14/2016,2820,2821,2800,2801,-0.67,2869
3/15/2016,2804,2815,2800,2815,0.5,5161
3/16/2016,2860,2880,2849,2870,1.95,5387
3/17/2016,2850,2890,2850,2882,0.42,4543
3/20/2016,2890,2900,2865,2886,0.14,3898
3/21/2016,2900,2935,2885,2900,0.49,4793
3/23/2016,2890,2915,2890,2915,0.52,5319
3/24/2016,2915,3000,2948,2970,1.89,9480
3/27/2016,2970,3029,2992,3014,1.48,13398
3/28/2016,3014,3040,2995,3020,0.2,6286
3/29/2016,3000,3010,2985,2997,-0.76,6662
3/30/2016,2997,3020,2980,3005,0.27,7489
3/31/2016,3005,3020,2990,3018,0.43,6159
4/3/2016,3018,3265,3015,3085,2.22,12466
4/4/2016,3085,3090,3050,3077,-0.26,6704
4/5/2016,3130,3130,3100,3110,1.07,5964
4/6/2016,3110,3162,3130,3135,0.8,7013
4/10/2016,3135,3172,3150,3165,0.96,3404
4/11/2016,3165,3210,3180,3190,0.79,4514
4/12/2016,3190,3200,3190,3198,0.25,2725
4/14/2016,3198,3255,3195,3245,1.47,8828
4/17/2016,3300,3360,3230,3279,1.05,15205
4/18/2016,3279,3365,3299,3364,2.59,9918
4/19/2016,3364,3430,3350,3379,0.45,8785
4/20/2016,3379,3420,3340,3340,-1.15,19805
4/21/2016,3340,3406,3270,3374,1.02,20915
4/24/2016,3374,3480,3390,3480,3.14,19903
4/25/2016,3480,3501,3480,3488,0.23,14145
4/26/2016,3488,3500,3476,3478,-0.29,13290
4/27/2016,3478,3502,3451,3500,0.63,18159
4/28/2016,3500,3600,3511,3595,2.71,49736
5/2/2016,2876,3100,2933,3080,7.09,19524
5/3/2016,3080,3133,3100,3105,0.81,10935
5/4/2016,3105,3105,3045,3095,-0.32,3516
5/5/2016,3095,3085,3000,3061,-1.1,8708
5/8/2016,3061,3065,3030,3050,-0.36,4971
5/9/2016,3045,3050,3033,3041,-0.33,4092
5/10/2016,3041,3041,3015,3020,-0.66,5366
5/11/2016,3020,2999,2923,2960,-1.99,8280
5/12/2016,2901,2965,2901,2935,-0.84,3847
5/15/2016,2899,2899,2846,2865,-2.38,6609
5/16/2016,2865,2858,2822,2830,-1.22,5172
5/17/2016,2830,2900,2830,2900,2.47,1558
5/18/2016,2900,2960,2900,2932,1.1,3148
5/19/2016,2932,2968,2940,2942,0.34,3387
5/22/2016,2942,2950,2920,2948,0.2,2271
5/23/2016,2948,2980,2950,2957,0.31,4443
5/24/2016,2957,3042,2960,3025,2.3,13042
5/25/2016,3025,3015,2941,2950,-2.48,4755
5/26/2016,2950,2960,2892,2950,0,6010
5/29/2016,2950,2950,2900,2915,-1.19,1511
5/30/2016,2915,2920,2900,2910,-0.17,8189
5/31/2016,2910,2925,2900,2912,0.07,4587
6/1/2016,2912,2915,2890,2910,-0.07,4067
6/2/2016,2910,2915,2890,2900,-0.34,3186
6/5/2016,2900,2900,2835,2835,-2.24,8374
6/6/2016,2835,2895,2862,2875,1.41,2878
6/7/2016,2930,2930,2900,2904,1.01,2524
6/8/2016,2904,2925,2895,2920,0.55,3768
6/9/2016,2910,2960,2910,2950,1.03,6951
6/12/2016,2950,3245,3000,3245,10,26138
6/13/2016,3245,3569,3309,3390,4.47,20537
6/14/2016,3440,3440,3300,3400,0.29,23281
6/15/2016,3380,3380,3345,3350,-1.47,4576
6/16/2016,3350,3360,3300,3336,-0.42,6778
6/19/2016,3336,3370,3270,3335,-0.03,5658
6/20/2016,3335,3350,3253,3300,-1.05,3742
6/21/2016,3300,3309,3280,3300,0,4870
6/22/2016,3366,3430,3320,3360,1.82,4821
6/23/2016,3360,3695,3360,3675,9.38,21284
6/26/2016,3675,3840,3678,3770,2.59,18238
6/27/2016,3770,3840,3775,3795,0.66,7640
6/28/2016,3795,3838,3760,3777,-0.47,6434
6/29/2016,3777,3750,3690,3690,-2.3,2355
6/30/2016,3690,3682,3620,3682,-0.22,7194
7/3/2016,3682,3682,3549,3600,-2.23,5091
7/4/2016,3600,3650,3579,3580,-0.56,4169
7/5/2016,3550,3584,3525,3583,0.08,8616
7/6/2016,3600,3610,3562,3580,-0.08,3470
7/10/2016,3580,3650,3555,3588,0.22,8473
7/11/2016,3588,3600,3510,3510,-2.17,2412
7/12/2016,3510,3520,3320,3475,-1,4117
7/13/2016,3475,3475,3409,3460,-0.43,4086
7/14/2016,3490,3630,3490,3600,4.05,5027
7/17/2016,3600,3650,3550,3612,0.33,5088
7/18/2016,3612,3685,3600,3629,0.47,4777
7/19/2016,3701,3701,3650,3675,1.68,8043
7/20/2016,3700,3700,3600,3660,-0.81,3369
7/21/2016,3660,3680,3600,3640,-0.55,2305
7/25/2016,3640,3669,3630,3635,-0.14,4127
7/26/2016,3635,3707,3563,3670,0.96,4469
7/27/2016,3670,3800,3725,3776,2.89,12121
7/28/2016,3776,3860,3780,3825,1.3,13635
7/31/2016,3825,3805,3780,3780,-1.18,4994
8/1/2016,3780,3800,3675,3750,-0.79,4237
8/2/2016,3750,3750,3650,3675,-2,4719
8/3/2016,3675,3685,3605,3650,-0.68,2614
8/4/2016,3650,3680,3506,3571,-2.16,9571
8/7/2016,3571,3708,3555,3565,-0.17,7646
8/8/2016,3565,3500,3332,3332,-6.54,4810
8/9/2016,3398,3547,3398,3547,6.45,860
8/10/2016,3617,3635,3430,3564,0.51,8208
8/11/2016,3636,3636,3530,3550,-0.42,1379
8/14/2016,3520,3520,3363,3400,-4.23,3653
8/15/2016,3333,3354,3200,3250,-4.41,4293
8/16/2016,3200,3299,3145,3295,1.38,3154
8/17/2016,3300,3360,3300,3345,1.52,4656
8/21/2016,3340,3348,3302,3302,-1.28,1341
8/22/2016,3240,3260,3200,3215,-2.91,2513
8/23/2016,3250,3260,3145,3200,-0.19,4772
8/24/2016,3264,3520,3264,3520,10,3692
8/28/2016,3590,3872,3590,3695,4.97,28438
8/29/2016,3690,3730,3660,3674,-0.57,9137
8/30/2016,3690,3725,3660,3662,-0.33,8442
8/31/2016,3640,3689,3640,3675,0.25,4395
9/1/2016,3685,3750,3676,3750,2.18,10817
9/4/2016,3789,3825,3750,3790,1.07,4945
9/5/2016,3801,3900,3795,3860,1.85,10074
9/6/2016,3900,3952,3800,3895,0.91,9247
9/7/2016,3890,3890,3771,3780,-2.95,6388
9/8/2016,3780,3900,3772,3780,0,4723
9/11/2016,3800,3825,3800,3800,0.53,4560
9/12/2016,3805,3810,3790,3801,0.03,5253
9/14/2016,3806,3810,3781,3790,-0.29,2408
9/18/2016,3800,3800,3750,3750,-1.06,3821
9/20/2016,3725,3750,3680,3680,-1.87,3147
9/21/2016,3650,3650,3580,3650,-0.82,3886
9/22/2016,3620,3620,3590,3595,-1.51,3877
9/25/2016,3620,3620,3590,3595,-1.51,3877
9/26/2016,3610,3690,3610,3690,2.36,1914
9/27/2016,3690,3710,3680,3710,0.54,3281
9/28/2016,3710,3710,3685,3685,-0.67,1091
9/29/2016,3655,3698,3605,3688,0.08,1915
10/2/2016,3685,3700,3670,3672,-0.43,973
10/3/2016,3745,3784,3710,3715,1.03,895
10/4/2016,3750,3780,3750,3760,1.35,986
10/5/2016,3790,3790,3740,3740,-0.53,2303
10/6/2016,3800,3810,3760,3760,0.53,2122
10/16/2016,3780,3780,3650,3700,-1.6,1921
10/17/2016,3635,3670,3635,3655,-1.35,3627
10/18/2016,3650,3700,3630,3700,1.37,2637
10/19/2016,3695,3695,3651,3670,-0.81,1752
10/20/2016,3743,3893,3671,3693,0.63,15564
10/23/2016,3693,3693,3545,3570,-3.33,12851
10/24/2016,3499,3610,3430,3515,-1.54,30844
10/25/2016,3500,3500,3450,3468,-1.34,18877
10/26/2016,3410,3480,3410,3438,-0.87,8919
10/27/2016,3440,3459,3425,3425,-0.38,7858
11/3/2016,3440,3490,3440,3480,1.61,1510
11/7/2016,3450,3450,3400,3405,-2.16,2621
11/8/2016,3350,3350,3290,3305,-2.94,5452
11/9/2016,3241,3309,3230,3240,-1.97,5139
11/10/2016,3304,3304,3205,3225,-0.46,2840
11/13/2016,3200,3250,3200,3200,-0.78,9073
11/14/2016,3220,3255,3208,3213,0.41,6173
11/15/2016,3215,3215,3165,3169,-1.34,6987
11/16/2016,3210,3210,3080,3143,-0.85,10667
11/17/2016,3101,3115,3070,3070,-2.32,11409
11/20/2016,3059,3065,2893,2940,-4.23,9143
11/21/2016,2930,2980,2852,2924,-0.51,6559
11/22/2016,2925,2940,2800,2890,-1.2,4845
11/23/2016,2890,2890,2751,2776,-3.94,6890
11/24/2016,2780,2956,2780,2840,2.3,7317
11/27/2016,2802,2840,2676,2733,-3.77,6042
11/28/2016,2679,2850,2600,2806,2.67,7217
11/29/2016,2830,2907,2753,2870,2.28,11007
11/30/2016,2899,3050,2870,3050,6.27,7720
12/1/2016,3110,3110,2960,2960,-2.95,6279
12/4/2016,2965,2965,2900,2910,-1.69,5348
12/5/2016,2900,2900,2860,2888,-0.76,4942
12/6/2016,2890,2893,2860,2870,-0.62,18542
12/7/2016,2153,2200,2115,2122,-1.44,4463
12/8/2016,2100,2110,2085,2105,-1.04,4126
12/11/2016,2100,2100,2050,2050,-2.38,4366
12/12/2016,2050,2050,2000,2014,-1.76,3347
12/14/2016,2000,2025,1992,2019,0.25,3016
12/15/2016,2020,2091,2005,2090,3.52,1638
12/18/2016,2060,2110,2010,2090,0,2170
12/19/2016,2060,2074,2020,2035,-2.63,3449
12/20/2016,2030,2030,1956,1970,-3.19,7287
12/21/2016,1965,1979,1935,1935,-1.78,4795
12/22/2016,1940,1997,1938,1997,3.2,4334
12/26/2016,1985,1985,1900,1922,-3.76,5883
12/27/2016,1895,1900,1852,1873,-2.55,2286
12/28/2016,1842,1895,1830,1853,-1.07,2944
12/29/2016,1890,1910,1876,1891,2.05,4252
1/1/2017,1915,1952,1915,1940,2.59,4231
1/2/2017,1960,1962,1926,1953,0.67,5496
1/3/2017,1970,1970,1925,1925,-1.43,4914
1/4/2017,1905,1940,1900,1925,0,1832
1/5/2017,1900,1930,1900,1912,-0.68,3754
1/8/2017,1900,1905,1870,1895,-0.89,3150
1/9/2017,1920,1932,1900,1915,1.06,1874
1/10/2017,1925,1970,1925,1952,1.93,1216
1/11/2017,1960,2015,1960,1976,1.23,5704
1/12/2017,1970,1998,1970,1998,1.11,4321
1/15/2017,2037,2197,2037,2197,9.96,20893
1/16/2017,2240,2331,2240,2260,2.87,25348
1/17/2017,2260,2260,2185,2210,-2.21,8267
1/18/2017,2200,2202,2183,2195,-0.68,5845
1/19/2017,2190,2250,2180,2181,-0.68,3002
1/22/2017,2180,2209,2180,2200,0.92,3988
1/23/2017,2190,2210,2190,2200,0,3930
1/24/2017,2205,2205,2137,2140,-2.73,2829
1/25/2017,2100,2100,2050,2050,-4.21,3342
1/26/2017,2015,2030,1960,2020,-1.46,5670
1/30/2017,1990,1990,1862,1862,-7.82,4531
1/31/2017,1825,1930,1824,1930,3.65,4649
2/1/2017,1968,2068,1950,2060,6.74,6640
2/2/2017,2065,2155,2060,2090,1.46,4561
2/5/2017,2055,2059,2000,2058,-1.53,4142
2/6/2017,2040,2055,2025,2051,-0.34,3312
2/7/2017,2050,2050,2010,2044,-0.34,1686
2/8/2017,2040,2040,1967,1967,-3.77,8181
2/9/2017,1980,1980,1908,1908,-3,7592
2/12/2017,1895,1895,1796,1800,-5.66,11024
2/13/2017,1801,1875,1754,1870,3.89,7333
2/14/2017,1850,1890,1810,1860,-0.53,6646
2/15/2017,1890,1924,1865,1924,3.44,4273
2/16/2017,1948,2000,1935,1980,2.91,5749
2/19/2017,1982,2005,1943,2000,0.91,7105
2/20/2017,2010,2038,2001,2003,0.15,6256
2/21/2017,2043,2043,1960,1998,-0.25,4904
2/22/2017,1999,1999,1970,1976,-1.1,2936
2/23/2017,1970,1983,1950,1961,-0.76,1720
2/26/2017,1975,1980,1965,1975,0.71,2588
2/28/2017,1950,1960,1900,1938,-1.87,2143
3/1/2017,1960,1961,1950,1950,0.62,370
3/2/2017,1981,2017,1960,1965,0.77,3982
3/5/2017,1955,2001,1955,1990,1.27,2829
3/6/2017,1991,2020,1985,2003,0.65,5348
3/7/2017,1970,2008,1970,1980,-1.15,2255
3/9/2017,1980,2000,1980,2000,1.01,4106
3/13/2017,2000,2006,1981,2005,0,4167
3/14/2017,1990,1990,1925,1925,-3.75,4546
3/15/2017,1920,1969,1911,1969,2.29,4836
3/16/2017,1950,1970,1946,1970,0.05,5178
3/19/2017,1970,1998,1985,1992,1.12,4513
3/20/2017,1995,2040,1995,2032,2.01,7527
3/21/2017,2032,2050,1995,2050,0.89,6174
3/22/2017,2091,2184,2050,2080,1.46,9180
3/23/2017,2095,2095,2055,2076,-0.24,3670
3/26/2017,2080,2155,2080,2138,3.04,8785
3/28/2017,2138,2259,2151,2248,5.14,8812
3/29/2017,2248,2337,2200,2250,0.09,16916
3/30/2017,2250,2270,2200,2225,-1.11,8195
4/2/2017,2250,2295,2225,2290,2.92,12677
4/3/2017,2335,2507,2271,2310,0.87,14451
4/4/2017,2300,2330,2285,2300,-0.43,6525
4/6/2017,2300,2310,2270,2300,0,6175
4/9/2017,2346,2346,2275,2298,-0.09,6087
4/10/2017,2310,2335,2295,2305,0.3,14531
4/11/2017,2351,2359,2310,2354,2.13,21994
4/12/2017,2355,2389,2348,2348,-0.25,14925
4/13/2017,2320,2350,2310,2350,0.09,8346
4/16/2017,2351,2351,2261,2263,-3.79,7148
4/18/2017,2220,2240,2185,2192,-3.05,8714
4/19/2017,2192,2260,2182,2260,3.1,4283
4/20/2017,2265,2325,2250,2250,-0.44,5450
4/23/2017,2295,2390,2260,2291,2.22,5524
4/24/2017,2280,2300,2265,2280,-1.3,3260
4/25/2017,2280,2299,2250,2275,-0.22,3323
4/26/2017,2275,2275,2230,2250,-0.66,2793
4/27/2017,2260,2275,2212,2264,0.18,4230
4/30/2017,2260,2325,2210,2234,-1.33,5629
5/2/2017,2230,2280,2224,2280,2.06,10203
5/3/2017,2290,2320,2290,2304,1.05,14947
5/4/2017,2315,2335,2300,2300,-0.17,10060
5/7/2017,2310,2310,2260,2262,-1.74,3219
5/8/2017,2280,2294,2270,2280,0.88,4544
5/9/2017,2280,2299,2280,2287,0.31,5146
5/11/2017,2310,2310,2295,2308,0.92,8991
5/15/2017,2310,2360,2310,2340,1.39,9505
5/16/2017,2355,2360,2310,2325,-0.64,8217
5/17/2017,2325,2330,2300,2305,-0.99,3232
5/18/2017,2302,2319,2296,2300,-0.09,10410
5/21/2017,2300,2320,2290,2290,-0.43,5745
5/22/2017,2290,2290,2175,2201,-3.89,6016
5/23/2017,2185,2220,2076,2158,-1.95,28319
5/24/2017,2158,2205,2121,2196,1.76,15614
5/28/2017,2196,2210,2151,2200,0.18,19174
5/30/2017,2200,2205,2162,2190,-0.45,22158
5/31/2017,2190,2233,2140,2190,0,24979
6/1/2017,2190,2205,2180,2190,0,15934
6/4/2017,2185,2210,2176,2193,0.14,18960
6/5/2017,2190,2202,2188,2195,0.09,27417
6/6/2017,2210,2270,2200,2263,3.1,30731
6/7/2017,2275,2312,2273,2299,1.59,41007
6/8/2017,2300,2301,2282,2298,-0.04,16000
6/11/2017,2300,2308,2276,2287,-0.48,32888
6/12/2017,2275,2295,2252,2267,-0.87,15079
6/13/2017,2270,2296,2241,2286,0.84,17383
6/14/2017,2300,2300,2277,2290,0.17,16010
6/15/2017,2300,2315,2268,2287,-0.13,22588
6/18/2017,2287,2299,2280,2284,-0.13,11439
6/19/2017,2284,2290,2240,2264,-1.05,11352
6/20/2017,2260,2270,2240,2269,0.4,11967
6/21/2017,2265,2291,2260,2274,0.22,9595
6/22/2017,2285,2285,2269,2275,0.04,12332
6/25/2017,2275,2286,2275,2285,0.44,15381
6/27/2017,2290,2315,2290,2298,0.44,17304
6/28/2017,2290,2300,2288,2295,0,7858
7/2/2017,2250,2290,2250,2277,-0.78,14601
7/3/2017,2270,2285,2270,2279,0.09,8844
7/4/2017,2285,2286,2276,2281,0.09,11026
7/5/2017,2280,2284,2278,2281,0,8634
7/6/2017,2270,2312,2270,2309,1.23,10955
7/9/2017,2309,2355,2261,2320,0.48,16598
7/10/2017,2300,2310,2286,2295,-1.08,6788
7/11/2017,2290,2303,2288,2300,0.22,7628
7/12/2017,2265,2305,2265,2304,0.17,8054
7/13/2017,2305,2306,2290,2295,-0.39,11218
7/16/2017,2303,2304,2295,2299,0.13,8422
7/17/2017,2298,2309,2296,2306,0.35,7422
7/18/2017,2315,2340,2305,2340,1.47,12660
7/19/2017,2341,2370,2340,2361,0.9,12300
7/20/2017,2370,2374,2362,2367,0.25,8041
7/23/2017,2367,2399,2352,2360,-0.3,7984
7/24/2017,2385,2389,2313,2342,-0.76,6668
7/25/2017,2342,2355,2330,2345,0.13,4600
7/26/2017,2380,2380,2320,2334,-0.47,7611
7/27/2017,2334,2346,2330,2335,0.04,8708
7/30/2017,2335,2340,2320,2337,0.09,8108
7/31/2017,2336,2340,2320,2329,-0.34,12180
8/1/2017,2325,2336,2325,2336,0.3,7445
8/2/2017,2336,2350,2326,2334,-0.04,7133
8/3/2017,2335,2337,2321,2329,-0.26,7552
8/6/2017,2330,2365,2315,2344,0.64,13588
8/7/2017,2360,2350,2333,2340,-0.17,15457
8/9/2017,2340,2348,2321,2330,-0.43,13082
8/10/2017,2330,2330,2315,2322,-0.34,19842
8/13/2017,2340,2339,2313,2320,-0.09,13150
8/15/2017,2340,2340,2281,2290,-1.29,16359
8/16/2017,2300,2316,2270,2285,-0.22,12735
8/17/2017,2288,2290,2280,2286,0.04,8619
8/20/2017,2288,2290,2272,2275,-0.48,7773
8/21/2017,2279,2279,2238,2240,-1.54,6123
8/22/2017,2225,2250,2220,2241,0.04,9702
8/23/2017,2242,2255,2230,2242,0.04,8384
8/24/2017,2242,2260,2222,2255,0.58,4967
8/27/2017,2255,2272,2250,2272,0.75,11951
8/28/2017,2280,2299,2275,2280,0.35,10666
8/30/2017,2280,2290,2253,2266,-0.61,10135
8/31/2017,2266,2266,2231,2241,-1.1,5627
9/4/2017,2240,2243,2197,2201,-1.78,13038
9/6/2017,2245,2297,2211,2227,1.18,10726
9/7/2017,2230,2260,2215,2215,-0.54,8129
9/10/2017,2220,2221,2181,2200,-0.68,13872
9/11/2017,2190,2199,2107,2148,-2.36,10678
9/12/2017,2150,2150,2103,2120,-1.3,7992
9/13/2017,2105,2120,2060,2068,-2.45,9229
9/14/2017,2100,2100,2046,2100,1.55,9916
9/17/2017,2130,2130,2080,2124,1.14,6915
9/18/2017,2130,2138,2100,2138,0.66,7669
9/20/2017,2125,2140,2120,2140,0.09,6809
9/24/2017,2140,2169,2140,2167,1.26,3892
9/25/2017,2167,2195,2167,2187,0.92,2791
9/26/2017,2191,2197,2187,2194,0.32,5059
10/3/2017,2181,2225,2181,2205,0.5,1222
10/4/2017,2200,2219,2170,2205,0,5627
10/8/2017,2165,2165,2120,2140,-2.95,6334
10/9/2017,2155,2155,2078,2100,-1.87,6640
10/10/2017,2110,2110,2072,2091,-0.43,5938
10/11/2017,2095,2120,2075,2099,0.43,5125
10/12/2017,2120,2120,2090,2107,0.33,6728
10/15/2017,2108,2120,2091,2116,0.09,2761
10/16/2017,2125,2180,2125,2175,3.02,3566
10/17/2017,2171,2188,2150,2185,0.23,7211
10/18/2017,2175,2180,2165,2178,-0.27,2756
10/22/2017,2160,2200,2160,2175,-0.18,2161
10/23/2017,2175,2180,2141,2160,-0.69,3977
10/24/2017,2160,2160,2131,2131,-1.34,7034
10/25/2017,2120,2135,2117,2125,-0.28,5908
10/29/2017,2120,2135,2115,2130,0.24,4146
10/30/2017,2120,2130,2115,2115,-0.7,6724
10/31/2017,2115,2120,2100,2114,-0.05,4812
11/1/2017,2102,2108,2081,2085,-1.37,6109
11/2/2017,2080,2097,2075,2090,0.24,8334
11/5/2017,2090,2090,2045,2055,-1.67,11366
11/6/2017,2055,2050,1991,2016,-1.9,9929
11/7/2017,2040,2040,2002,2005,-0.55,7008
11/8/2017,2005,2006,1977,1985,-1,16234
11/9/2017,1973,1990,1956,1975,0,13053
11/12/2017,1985,2010,1985,2005,1.01,10485
11/13/2017,2005,2020,1990,2020,0.75,11465
11/14/2017,2020,2050,2017,2050,1.49,16070
11/15/2017,2060,2099,2050,2052,0,10397
11/16/2017,2050,2050,2021,2022,-1.37,4679
11/19/2017,2022,2045,2020,2035,0.64,9408
11/20/2017,2015,2030,2015,2020,-0.74,8845
11/21/2017,2010,2049,2010,2041,1.04,4393
11/22/2017,2040,2059,2038,2048,0.34,3890
11/23/2017,2048,2066,2052,2060,0.59,6461
11/26/2017,2060,2170,2097,2115,2.67,32407
11/27/2017,2140,2139,2085,2109,-0.28,21773
11/28/2017,2110,2115,2100,2114,0.24,9828
11/29/2017,2120,2123,2109,2118,0.19,18543
11/30/2017,2120,2120,2107,2120,0.09,9125
12/4/2017,2122,2122,2101,2114,-0.28,6131
12/5/2017,2106,2120,2094,2115,0.05,5423
12/6/2017,2107,2120,2107,2120,0.24,5869
12/10/2017,2162,2299,2162,2197,3.63,120589
12/11/2017,2235,2235,2163,2192,-0.23,27627
12/12/2017,2225,2225,2175,2180,-0.55,18094
12/13/2017,2175,2191,2165,2181,0,17060
12/14/2017,2190,2195,2175,2176,-0.18,10597
12/17/2017,2187,2190,2161,2177,-0.41,14568
12/18/2017,2170,2173,2150,2155,-0.69,14781
12/19/2017,2155,2155,2104,2106,-2.32,9884
12/20/2017,2105,2115,2081,2113,0.38,13642
12/21/2017,2118,2121,2085,2086,-1.28,18016
12/24/2017,2095,2103,2075,2077,-0.43,40391
12/26/2017,2077,2077,2010,2010,-3.23,40946
12/27/2017,2005,2005,1949,1955,-2.74,54654
12/28/2017,1955,1960,1895,1932,-2.81,118362
12/31/2017,950,967,898,967,1.79,21302
1/1/2018,979,1040,979,1033,6.83,28711
1/2/2018,1044,1097,1044,1080,4.55,60993
1/3/2018,1080,1094,1050,1051,-2.69,36459
1/4/2018,1051,1068,1051,1064,1.24,18644
1/7/2018,1065,1065,1050,1057,-0.66,13864
1/8/2018,1075,1075,1063,1068,1.04,13841
1/9/2018,1068,1078,1064,1067,-0.09,17113
1/10/2018,1065,1067,1050,1053,-1.31,14182
1/14/2018,1055,1055,1035,1038,-1.42,12977
1/16/2018,1030,1033,1005,1013,-2.41,11604
1/17/2018,1013,1013,999,1008,-1.28,13349
1/21/2018,995,1013,995,1000,0,15026
1/22/2018,1020,1020,1002,1003,0.3,6203
1/23/2018,1000,1010,998,1002,0.2,6459
1/24/2018,1010,1010,998,1003,-0.2,9386
1/25/2018,1003,1008,998,1002,-0.1,5513
1/28/2018,1003,1004,995,995,-0.7,10365
1/29/2018,995,998,985,998,0.3,7220
1/31/2018,1000,1004,990,992,-0.8,8280
2/1/2018,988,1004,988,997,0.51,5301
2/4/2018,1000,1010,1000,1002,0.7,7248
2/5/2018,1007,1010,998,999,-0.2,5899
2/6/2018,1001,1002,995,996,-0.4,7667
2/7/2018,996,996,987,988,-0.8,3716
2/8/2018,999,999,991,997,0.91,4849
2/11/2018,998,1004,991,991,-0.6,3812
2/12/2018,1000,1000,990,994,0.3,4000
2/14/2018,998,998,978,990,-0.4,4703
2/15/2018,992,1008,992,995,0.51,11051
2/18/2018,995,1050,995,999,0.4,15350
2/20/2018,1012,1012,995,999,0,5366
2/21/2018,996,996,977,977,-2.2,9114
2/22/2018,980,984,978,980,0.31,4169
2/25/2018,980,980,965,965,-1.53,9148
2/26/2018,974,974,940,949,-1.25,8870
2/27/2018,945,958,941,948,-0.11,9352
2/28/2018,950,954,931,940,-0.84,9650
3/4/2018,935,935,890,900,-4.26,10099
3/5/2018,905,906,875,888,-1.33,22167
3/6/2018,888,900,870,888,0,13892
3/7/2018,895,904,893,900,1.35,20416
3/11/2018,900,910,885,894,-0.67,11396
3/12/2018,894,900,875,878,-1.79,11726
3/13/2018,895,900,880,890,1.37,4574
3/14/2018,890,898,885,894,0.45,3880
3/15/2018,895,901,894,894,0.11,4524
3/18/2018,895,895,887,893,-0.11,3684
3/19/2018,893,900,893,893,0,6771
3/20/2018,893,893,880,880,-1.46,7391
3/21/2018,885,886,870,875,-0.57,5435
3/22/2018,870,873,857,867,-0.91,5547
3/26/2018,856,860,830,830,-4.27,6991
3/27/2018,830,880,776,872,5.06,9284
3/28/2018,888,895,820,864,-0.92,20671
3/29/2018,870,875,864,865,0.12,11314
4/1/2018,860,870,790,826,-4.62,20742
4/2/2018,820,831,796,820,-0.61,15085
4/3/2018,820,824,812,820,0,13327
4/4/2018,825,839,820,837,2.07,12146
4/5/2018,849,852,838,848,1.31,21550
4/8/2018,850,881,850,880,3.77,27522
4/9/2018,890,907,875,888,0.91,25892
4/10/2018,888,888,853,861,-3.04,10917
4/11/2018,861,863,850,859,-0.12,9939
4/12/2018,865,870,855,855,-0.58,13299
4/15/2018,855,859,830,850,-0.58,8569
4/16/2018,836,867,836,845,-0.59,13734
4/17/2018,845,865,850,852,0.83,12628
4/18/2018,860,899,845,888,4.23,21829
4/19/2018,888,897,860,891,0.23,19648
4/22/2018,890,902,880,900,1.12,21001
4/23/2018,904,910,875,875,-2.78,21063
4/24/2018,886,886,855,857,-2.06,14031
4/25/2018,857,869,851,862,0.58,11791
4/26/2018,858,866,838,844,-2.09,19818
4/29/2018,842,849,828,843,-0.12,7314
5/2/2018,843,845,828,835,-0.95,9031
5/3/2018,840,847,835,836,0.12,9730
5/6/2018,820,840,820,835,-0.12,7949
5/7/2018,830,831,822,826,-1.08,11942
5/8/2018,826,839,825,830,0.48,9430
5/9/2018,830,833,822,828,-0.24,6500
5/10/2018,828,830,823,825,-0.36,6840
5/14/2018,825,829,820,824,-0.12,11884
5/15/2018,820,826,819,822,-0.24,4822
5/16/2018,816,825,815,817,-0.61,9163
5/17/2018,820,831,814,817,0,7883
5/20/2018,825,826,810,816,-0.12,7347
5/21/2018,817,819,812,815,-0.12,4092
5/22/2018,814,817,810,813,-0.37,5513
5/23/2018,808,825,800,810,-0.25,3542
5/24/2018,810,813,805,806,-0.49,6998
5/27/2018,806,810,790,800,-0.74,8147
5/28/2018,800,830,798,817,2.12,12843
5/29/2018,811,825,805,821,0.49,5855
5/30/2018,810,820,810,815,-0.73,2830
5/31/2018,820,820,803,805,-1.23,5122
6/3/2018,791,800,784,789,-1.99,5107
6/4/2018,799,799,784,792,0.38,7736
6/6/2018,810,810,779,780,-2.5,8081
6/7/2018,810,810,779,780,-2.5,8081
6/10/2018,780,785,755,770,-1.28,9562
6/11/2018,770,785,765,775,0.65,4618
6/12/2018,775,784,767,774,-0.13,7473
6/13/2018,774,775,766,775,0.13,4151
6/14/2018,780,788,770,772,-0.65,8300
6/17/2018,770,773,756,773,0.39,2307
6/18/2018,765,772,760,770,-0.39,6099
6/19/2018,769,770,760,762,-1.3,4920
6/20/2018,750,769,750,755,-0.66,3494
6/21/2018,755,761,751,754,-0.13,3266
6/24/2018,765,765,750,752,-0.4,7640
6/25/2018,740,756,740,747,-0.53,6687
6/26/2018,747,749,730,731,-2.14,9338
6/27/2018,740,743,730,741,1.23,4796
6/28/2018,745,745,730,736,-0.54,9462
7/1/2018,737,737,725,729,-0.95,5504
7/2/2018,724,731,720,728,-0.14,3846
7/3/2018,728,728,714,725,-0.41,5673
7/4/2018,722,729,717,726,0.14,9143
7/5/2018,726,752,726,746,2.75,6235
7/8/2018,760,785,759,768,2.95,8383
7/9/2018,770,770,746,751,-2.21,4165
7/10/2018,751,760,745,760,1.2,4598
7/11/2018,760,770,757,758,-0.26,3859
7/12/2018,772,770,735,741,-2.37,7374
7/15/2018,741,757,740,755,2.03,4983
7/16/2018,755,760,747,754,0,3877
7/17/2018,754,755,748,753,-0.26,3427
7/18/2018,753,754,749,754,0.13,4026
7/19/2018,745,750,744,748,-0.8,4273
7/22/2018,752,752,746,747,-0.13,3044
7/23/2018,749,750,745,748,0.13,2043
7/24/2018,750,760,750,757,1.2,4466
7/25/2018,757,760,750,758,0.13,2642
7/26/2018,749,759,749,752,-0.79,3856
7/29/2018,750,756,750,752,0,4100
7/30/2018,760,760,750,752,0,7622
7/31/2018,752,755,746,749,-0.4,7607
8/1/2018,750,750,742,746,-0.4,6595
8/2/2018,743,748,740,747,0.13,2531
8/5/2018,745,749,726,730,-2.81,5653
8/6/2018,731,739,729,735,1.24,6009
8/7/2018,721,739,721,735,0,6846
8/8/2018,736,744,729,729,-0.82,5366
8/9/2018,730,740,727,729,0,3976
8/12/2018,730,733,726,730,0.14,5457
8/13/2018,730,734,725,726,-0.55,5630
8/14/2018,720,733,720,726,-0.14,8772
8/15/2018,724,755,724,755,4.14,8058
8/16/2018,760,766,742,744,-1.46,7111
8/19/2018,744,745,726,728,-2.28,4494
8/20/2018,725,735,725,730,0.41,5404
8/21/2018,730,730,720,726,-0.68,4060
8/22/2018,722,728,722,728,0.41,3318
8/23/2018,729,730,723,725,-0.41,3058
8/26/2018,726,728,719,719,-0.83,5749
8/28/2018,715,720,710,713,-0.83,9638
8/29/2018,719,719,706,711,-0.28,5590
8/30/2018,721,721,707,715,0.56,6503
9/2/2018,717,717,708,708,-0.98,8085
9/3/2018,710,720,709,709,0.14,8886
9/4/2018,711,714,708,710,0.14,7895
9/5/2018,715,720,712,717,0.99,6501
9/6/2018,720,733,716,717,0,8176
9/9/2018,717,722,715,722,0.7,7304
9/10/2018,723,723,715,715,-0.97,7660
9/11/2018,716,716,710,715,0,8029
9/12/2018,712,717,711,717,0.28,4873
9/13/2018,713,720,713,715,-0.28,7739
9/16/2018,722,722,700,720,0.7,11172
9/17/2018,722,729,716,716,-0.56,4366
9/18/2018,730,730,716,720,0.56,3859
9/20/2018,720,720,707,712,-1.11,8302
9/23/2018,710,714,709,709,-0.42,7325
9/25/2018,713,719,705,707,-0.28,14146
9/26/2018,710,715,708,708,0.14,7884
9/27/2018,707,710,702,710,0.28,11446
9/30/2018,705,709,700,700,-1.41,12333
10/1/2018,705,709,692,696,-0.71,9853
10/2/2018,698,700,690,691,-0.57,10074
10/3/2018,691,700,690,691,0,6082
10/4/2018,691,694,689,690,-0.14,6988
10/7/2018,689,690,681,690,0,5480
10/8/2018,690,693,690,690,0,5429
10/9/2018,690,691,686,688,-0.29,3268
10/10/2018,685,692,685,692,0.58,3772
10/11/2018,690,700,690,700,1.16,6717
10/14/2018,702,708,699,707,1.14,3086
10/15/2018,715,715,705,708,-0.14,2160
10/21/2018,705,713,705,710,0.42,1253
10/22/2018,705,710,703,710,0,1153
10/23/2018,708,711,705,709,-0.14,1437
10/24/2018,710,711,705,708,-0.14,2532
10/25/2018,714,714,700,700,-1.13,3367
10/28/2018,690,697,690,695,-0.86,2823
10/29/2018,686,693,686,688,-0.86,3630
10/30/2018,688,694,687,690,0.29,1794
10/31/2018,691,693,690,691,0.14,2068
11/1/2018,691,695,691,691,0,3137
11/4/2018,685,690,670,676,-2.17,4675
11/5/2018,688,688,675,685,1.33,1865
11/14/2018,625,628,622,625,0,6337
11/15/2018,625,629,622,629,0.64,9575
11/18/2018,625,625,613,615,-1.6,4750
11/19/2018,615,615,605,609,-0.98,5670
11/20/2018,609,612,606,606,-0.49,4236
11/21/2018,606,606,596,599,-1.16,7184
11/22/2018,599,599,588,597,-0.33,8692
11/25/2018,597,608,585,585,-2.01,8119
11/26/2018,587.55,588,577,580,-1.28,10004
11/27/2018,581.32,590,573,573,-1.43,11710
11/28/2018,575.54,582,573,576,0.08,3491
11/29/2018,575.84,578,570,570,-1.01,4919
12/2/2018,571.2,571.2,560,560,-1.96,14201
12/3/2018,560,564,550,551,-1.61,15005
12/4/2018,550,560,550,560,1.82,11761
12/6/2018,554,568,550,565,1.99,4894
12/9/2018,565,583,565,583,3.19,5205
12/10/2018,583,600,582,598,2.57,12924
12/11/2018,598,605,595,599,0.17,8512
12/12/2018,599,613,599,612,2.17,8137
12/13/2018,612,620,610,619,1.14,5019
12/16/2018,619,636,619,629,1.62,9518
12/17/2018,629,630,618,629,0,5185
12/18/2018,629,629,613,614,-2.38,8781
12/19/2018,614,616,605,606,-1.3,7647
12/20/2018,606,618,606,613,1.16,2236
12/23/2018,613,628,613,625,1.96,6527
12/24/2018,625,637,619,619,-0.96,4227
12/25/2018,619,624,615,621,0.32,1330
12/26/2018,621,627,615,623,0.32,4526
12/27/2018,623,635,618,623,0,6195
12/30/2018,623,628,622,623,0,2464
12/31/2018,623,635,615,615,-1.28,6560
1/1/2019,615,625,615,621,0.98,5222
1/2/2019,621,623,615,615,-0.97,3265
1/3/2019,615,616,606,606,-1.46,7471
1/6/2019,606,609,596,600,-0.99,3683
1/8/2019,600,608,600,603,0.5,2777
1/9/2019,603,610,597,605,0.33,4415
1/10/2019,605,610,602,608,0.5,12060
1/13/2019,608,608,586,589,-3.12,6026
1/14/2019,589,593,585,590,0.17,2299
1/15/2019,590,592,587,592,0.34,1839
1/16/2019,592,599,590,594,0.34,2390
1/17/2019,594,599,589,589,-0.84,5909
1/20/2019,589,590,575,575,-2.38,3606
1/21/2019,575,586,563,571,-0.7,5777
1/22/2019,571,580,565,572,0.18,3694
1/23/2019,575,576,565,570,-0.87,11499
1/24/2019,570,573,560,567,-0.53,5178
1/27/2019,567,568,560,565,-0.35,4985
1/28/2019,565,569,561,564,-0.18,3900
1/29/2019,564,567,562,563,-0.18,5320
1/30/2019,563,565,562,562,-0.18,4396
1/31/2019,562,572,562,565,0.53,2462
2/3/2019,568,569,564,564,-0.18,3165
2/4/2019,556,564,555,557,-1.24,5934
2/5/2019,551,570,550,556,-0.18,4021
2/6/2019,555,560,553,556,0,3455
2/7/2019,561,561,555,556,0,2152
2/10/2019,557,558,550,550,-1.08,3855
2/11/2019,554,555,545,551,0.18,4352
2/12/2019,550,551,547,547,-0.73,4004
2/13/2019,552,555,541,542,-0.91,4235
2/14/2019,543,544,531,536,-1.11,6255
2/17/2019,537,542,528,536,0,6723
2/18/2019,537,537,527,528,-1.49,5840
2/19/2019,530,540,528,534,1.14,1919
2/20/2019,540,540,530,534,0,2409
2/21/2019,539,540,534,534,0,7405
2/24/2019,534,534,525,527,-1.31,6349
2/25/2019,527,529,521,525,-0.38,7089
2/26/2019,534,534,524,530,0.95,2402
2/27/2019,525,534,525,530,0,2368
3/3/2019,521,531,521,525,-0.94,5559
3/5/2019,524,530,520,528,0.57,7650
3/6/2019,528,532,528,532,0.76,5029
3/7/2019,535,536,530,533,0.19,6406
3/9/2019,530,535,528,535,0.38,244
3/10/2019,530,535,528,535,0.38,244
3/11/2019,535,541,535,540,0.93,9615
3/12/2019,542,566,540,566,4.81,13279
3/13/2019,570,572,562,564,-1.05,8800
3/14/2019,576,576,560,574,1.59,6842
3/17/2019,575,591,575,583,1.57,11221
3/18/2019,583,587,582,583,0,6976
3/19/2019,580,590,577,577,-1.03,5041
3/21/2019,577,580,567,571,-1.04,6187
3/24/2019,571,571,555,558,-2.28,5624
3/25/2019,555,572,552,568,1.79,6320
3/26/2019,570,570,560,564,-0.7,2659
3/27/2019,564,574,555,570,1.06,3764
3/28/2019,563,574,563,568,-0.35,4230
3/31/2019,579,579,565,565,-0.53,7189
4/1/2019,557,569,557,567,0.35,7755
4/2/2019,567,584,567,583,2.82,18598
4/3/2019,580,591,571,579,-0.69,7791
4/4/2019,575,580,569,574,-0.86,4073
4/7/2019,584,585,573,585,1.92,8125
4/8/2019,585,602,587,592,1.2,7535
4/9/2019,592,599,585,592,0,7624
4/10/2019,592,597,584,590,-0.34,3391
4/11/2019,592,594,590,591,0.17,4175
4/15/2019,585,588,580,587,-0.68,2164
4/16/2019,584,597,584,595,1.36,4704
4/17/2019,595,610,597,600,0.84,4817
4/18/2019,601,625,598,621,3.5,7571
4/21/2019,622,683,621,683,9.98,14140
4/22/2019,696,741,696,710,3.95,52924
4/23/2019,711,735,697,727,2.39,25602
4/24/2019,720,732,720,722,-0.69,17286
4/25/2019,722,735,722,723,0.14,16914
4/28/2019,737,755,721,723,0,16855
4/29/2019,723,723,700,720,-0.41,13637
4/30/2019,734,734,700,705,-2.08,7935
5/2/2019,710,710,685,690,-2.13,10941
5/5/2019,690,693,684,686,-0.58,12949
5/6/2019,690,710,674,710,3.5,20390
5/7/2019,710,724,702,709,-0.14,17873
5/8/2019,709,710,696,704,-0.71,5945
5/9/2019,710,710,686,690,-1.99,8193
5/12/2019,690,700,685,689,-0.14,5656
5/13/2019,699,699,690,691,0.29,6791
5/14/2019,690,705,680,699,1.16,7659
5/15/2019,699,710,690,695,-0.57,9835
5/16/2019,695,695,686,689,-0.86,9831
5/19/2019,691,700,681,690,0.15,7010
5/20/2019,692,692,681,689,-0.14,4787
5/21/2019,699,699,684,690,0.15,4375
5/22/2019,690,695,686,687,-0.43,4797
5/23/2019,684,686,678,685,-0.29,13815
5/26/2019,680,680,673,680,-0.73,3801
5/27/2019,672,680,671,677,-0.44,2965
5/28/2019,677,680,670,680,0.44,5844
5/29/2019,680,683,675,678,-0.29,4549
5/30/2019,691,715,691,703,3.69,17827
6/2/2019,702,702,676,692,-1.56,7134
6/3/2019,690,690,682,684,-1.16,6616
6/4/2019,689,690,674,679,-0.73,4823
6/6/2019,670,677,667,673,-0.88,4306
6/10/2019,668,680,667,675,0.3,7665
6/11/2019,673,676,671,672,-0.44,4245
6/12/2019,673,674,660,669,-0.45,11752
6/13/2019,670,670,659,659,-1.49,8870
6/16/2019,659,663,657,661,0.3,3927
6/17/2019,661,669,658,665,0.61,4405
6/18/2019,665,677,661,665,0,5108
6/19/2019,670,670,660,661,-0.6,3211
6/20/2019,662,667,662,665,0.61,1949
6/23/2019,670,670,655,661,-0.6,5040
6/24/2019,660,665,655,665,0.61,6963
6/25/2019,663,665,660,664,-0.15,3499
6/26/2019,657,667,655,661,-0.45,1844
6/27/2019,660,666,660,664,0.45,6617
6/30/2019,674,674,656,657,-1.05,7343
7/1/2019,660,660,650,654,-0.46,5154
7/2/2019,651,655,650,654,0,38037
7/3/2019,667,675,659,669,2.29,9379
7/4/2019,675,675,662,665,-0.6,12296
7/7/2019,665,665,659,661,-0.6,6786
7/8/2019,660,660,653,655,-0.91,3927
7/9/2019,655,661,650,660,0.76,5159
7/10/2019,656,671,653,669,1.36,5279
7/11/2019,660,671,660,669,0,7964
7/14/2019,665,670,663,669,0,2348
7/15/2019,670,685,665,673,0.6,12382
7/16/2019,706,706,670,682,1.34,2826
7/17/2019,676,688,676,688,0.88,9002
7/18/2019,698,698,677,678,-1.45,5495
7/21/2019,678,678,670,674,-0.59,3992
7/22/2019,674,682,674,679,0.74,4173
7/23/2019,679,687,674,677,-0.29,5153
7/24/2019,680,686,675,680,0.44,7120
7/25/2019,675,680,670,672,-1.18,4605
7/28/2019,660,670,660,669,-0.45,2190
7/29/2019,660,666,660,664,-0.75,2955
7/30/2019,666,669,663,666,0.3,1650
7/31/2019,669,673,667,670,0.6,2993
8/1/2019,670,670,665,667,-0.45,12692
8/4/2019,670,670,662,662,-0.75,2753
8/5/2019,663,665,658,664,0.3,3672
8/6/2019,670,670,650,655,-1.36,6048
8/7/2019,650,658,646,651,-0.61,19707
8/8/2019,646,654,646,650,-0.15,4169
8/11/2019,643,658,634,652,0.31,11730
8/12/2019,645,655,645,650,-0.31,3503
8/13/2019,650,655,645,655,0.77,6080
8/14/2019,645,651,645,646,-1.37,2066
8/15/2019,646,650,640,650,0.62,2832
8/18/2019,653,655,639,640,-1.54,6325
8/19/2019,647,651,638,642,0.31,3571
8/20/2019,642,642,637,640,-0.31,3444
8/21/2019,640,640,633,634,-0.94,7681
8/22/2019,631,645,631,638,0.63,7499
8/25/2019,640,640,630,634,-0.63,5168
8/26/2019,630,634,622,625,-1.42,7093
8/27/2019,630,635,626,631,0.96,3490
8/28/2019,632,633,620,622,-1.43,7340
8/29/2019,622,630,617,625,0.48,6037
9/1/2019,621,622,615,617,-1.28,5397
9/2/2019,615,615,602,613,-0.65,7256
9/3/2019,610,622,600,622,1.47,8738
9/4/2019,623,635,620,622,0,3326
9/5/2019,620,626,615,622,0,4894
9/8/2019,611,614,607,610,-1.93,10644
9/9/2019,610,610,595,600,-1.64,7318
9/10/2019,591,601,588,588,-2,6395
9/11/2019,590,594,588,588,0,7023
9/12/2019,590,590,584,588,0,3735
9/15/2019,580,585,550,557,-5.27,12469
9/16/2019,551,560,545,558,0.18,5491
9/17/2019,566,575,551,570,2.15,7538
9/18/2019,581,592,559,572,0.35,12704
9/19/2019,575,578,560,560,-2.1,8008
9/22/2019,553,567,550,555,-0.89,11079
9/23/2019,555,572,552,561,1.08,6871
9/24/2019,561,563,557,562,0.18,8097
9/26/2019,559,560,555,556,-0.36,4052
9/29/2019,557,557,551,551,-0.9,5985
9/30/2019,555,570,555,569,3.27,3369
10/1/2019,569,583,565,578,1.58,7688
10/2/2019,580,583,571,571,-1.21,4996
10/3/2019,572,586,572,580,1.58,7660
10/10/2019,590,590,585,587,1.21,1274
10/14/2019,585,587,565,570,-2.9,5359
10/15/2019,565,576,560,576,1.05,4100
10/16/2019,578,578,570,570,-1.04,3309
10/17/2019,570,575,570,573,0.53,5965
10/20/2019,570,570,562,565,-1.4,3722
10/21/2019,565,565,541,550,-2.65,7033
10/22/2019,550,561,539,557,1.27,4454
10/23/2019,555,567,552,567,1.8,9072
10/24/2019,565,570,554,566,-0.18,3977
10/31/2019,566,575,555,567,0.18,4771
11/3/2019,567,567,556,558,-1.59,2403
11/4/2019,550,559,550,558,0,4573
11/5/2019,558,563,555,563,0.9,3212
11/6/2019,563,564,555,557,-1.07,2092
11/7/2019,555,558,555,556,-0.18,1741
11/10/2019,554,556,550,550,-1.08,5901
11/11/2019,551,555,551,554,0.73,3241
11/12/2019,555,555,544,549,-0.9,4361
11/13/2019,550,550,546,548,-0.18,2838
11/14/2019,548,550,545,549,0.18,3440
11/17/2019,545,551,543,550,0.18,5689
11/18/2019,545,558,545,553,0.55,2330
11/19/2019,545,555,545,548,-0.9,9745
11/20/2019,548,551,546,550,0.36,3906
11/21/2019,550,555,547,550,0,5236
11/24/2019,550,556,549,555,0.91,18279
11/25/2019,544,544,521,525,-5.41,10085
11/26/2019,525,526,521,525,0,6593
11/27/2019,523,529,522,528,0.57,3206
11/28/2019,525,529,523,523,-0.95,10085
12/1/2019,525,527,525,525,0.38,6052
12/2/2019,525,527,525,525,0,3064
12/3/2019,525,529,525,526,0.19,2866
12/4/2019,525,529,525,526,0,3036
12/5/2019,527,530,526,527,0.19,3759
12/8/2019,530,530,526,526,-0.19,2370
12/9/2019,528,542,525,531,0.95,6560
12/10/2019,541,541,532,537,1.13,3106
12/11/2019,540,541,536,536,-0.19,4140
12/12/2019,535,540,535,538,0.37,4459
12/15/2019,540,555,535,548,1.86,6090
12/16/2019,545,550,536,538,-0.37,4616
12/17/2019,538,538,535,538,0,2469
12/18/2019,538,538,535,535,-0.56,1770
12/19/2019,535,536,532,535,0,4273
12/22/2019,535,535,528,528,-1.31,4526
12/23/2019,530,534,529,531,0.57,5099
12/24/2019,538,541,531,535,0.75,2423
12/25/2019,535,536,532,532,-0.56,1544
12/26/2019,530,535,530,532,0,5762
12/29/2019,532,532,525,528,-0.75,4128
12/30/2019,529,535,528,535,1.33,3095
12/31/2019,536,536,530,530,-0.93,6075
1/1/2020,530,534,530,534,0.75,5560
1/2/2020,530,539,529,538,0.75,6666
1/5/2020,537,553,537,548,1.86,15207
1/6/2020,550,568,548,567,3.47,19081
1/7/2020,570,579,568,579,2.12,13156
1/8/2020,580,583,570,573,-1.04,12690
1/9/2020,565,574,565,565,-1.4,7416
1/12/2020,565,585,565,573,1.42,14279
1/13/2020,583,606,582,590,2.97,15426
1/14/2020,590,595,582,586,-0.68,10002
1/15/2020,596,602,586,602,2.73,7243
1/16/2020,603,636,603,635,5.48,15793
1/19/2020,640,647,635,645,1.57,15165
1/20/2020,657,664,635,642,-0.47,17385
1/21/2020,635,640,623,631,-1.71,13015
1/22/2020,630,631,613,613,-2.85,9630
1/23/2020,613,618,601,610,-0.49,14216
1/26/2020,600,606,591,597,-2.13,18140
1/27/2020,593,604,590,604,1.51,15218
1/28/2020,605,613,605,609,0.83,8174
1/29/2020,603,607,601,601,-1.31,4821
1/30/2020,601,614,599,609,1.33,10970
2/2/2020,611,630,611,628,3.12,19747
2/3/2020,630,635,623,625,-0.48,12262
2/4/2020,625,630,610,611,-2.24,8464
2/5/2020,606,618,605,615,0.65,6666
2/6/2020,620,620,611,612,-0.49,8066
2/9/2020,605,612,605,607,-0.82,9046
2/10/2020,609,612,602,608,0.16,5730
2/11/2020,617,617,606,613,0.82,12262
2/12/2020,616,616,610,611,-0.33,9020
2/13/2020,610,612,607,609,-0.33,9719
2/16/2020,605,610,600,610,0.16,11725
2/17/2020,612,651,612,650,6.56,44902
2/18/2020,660,670,644,652,0.31,37133
2/19/2020,660,660,640,650,-0.31,9222
2/20/2020,650,659,643,658,1.23,16101
2/23/2020,670,722,660,715,8.66,39731
2/24/2020,715,741,707,716,0.14,52974
2/25/2020,715,728,700,725,1.26,26976
2/26/2020,720,770,720,770,6.21,50971
2/27/2020,770,839,735,837,8.7,85420
3/1/2020,837,850,809,814,-2.75,95777
3/2/2020,799,799,735,735,-9.71,48522
3/3/2020,735,763,695,745,1.36,74032
3/4/2020,740,758,694,712,-4.43,46641
3/5/2020,698,718,650,700,-1.69,34842
3/10/2020,686,686,630,632,-9.71,20941
3/11/2020,640,694,635,690,9.18,37859
3/12/2020,690,703,657,667,-3.33,41208
3/15/2020,654,666,627,627,-6,38985
3/16/2020,627,646,618,628,0.16,28891
3/17/2020,621,625,598,608,-3.18,24876
3/18/2020,598,612,588,598,-1.64,21243
3/19/2020,585,610,562,604,1,30135
3/22/2020,595,595,583,590,-2.32,4563
5/12/2020,579,579,573,573,-2.88,301
5/13/2020,562,562,556,556,-2.97,110
6/29/2020,545,545,505,535,-3.78,7561
6/30/2020,537,588,537,588,9.91,4365
7/1/2020,599,646,599,646,9.86,1500
7/2/2020,658,695,590,590,-8.67,5441
7/5/2020,600,600,572,592,0.34,15274
7/6/2020,590,606,580,604,2.03,9911
7/7/2020,616,632,616,625,3.48,16776
7/8/2020,627,636,602,606,-3.04,14568
7/9/2020,606,630,605,612,0.99,13740
7/12/2020,615,625,615,621,1.47,9497
7/13/2020,621,630,618,625,0.64,11086
7/14/2020,622,627,618,624,-0.16,6367
7/15/2020,624,645,617,645,3.37,15797
7/16/2020,654,660,643,655,1.55,16406
7/19/2020,668,694,668,694,5.95,30
7/20/2020,725,754,681,700,0.86,51322
7/21/2020,700,710,671,685,-2.14,25907
7/22/2020,690,695,672,676,-1.31,12855
7/23/2020,671,690,665,688,1.78,16658
7/26/2020,700,700,680,699,1.6,19061
7/27/2020,695,705,693,695,-0.57,29449
7/28/2020,700,700,683,689,-0.86,15042
7/29/2020,677,685,673,675,-2.03,21038
7/30/2020,675,684,670,682,1.04,14264
8/2/2020,680,680,652,657,-3.67,25539
8/3/2020,650,668,637,657,0,21265
8/5/2020,650,650,630,640,-2.59,22930
8/6/2020,648,648,630,643,0.47,9301
8/9/2020,631,644,620,644,0.16,11509
8/10/2020,656,662,635,662,2.8,16245
8/11/2020,665,672,655,660,-0.3,14386
8/12/2020,673,673,647,662,0.3,8504
8/13/2020,651,657,651,653,-1.36,11501
8/16/2020,640,646,631,641,-1.84,16909
8/17/2020,642,642,636,640,-0.16,6519
8/18/2020,651,651,640,644,0.63,7550
8/19/2020,633,640,632,635,-1.4,6583
8/20/2020,630,640,630,639,0.63,1981
8/23/2020,644,644,632,640,0.16,6578
8/24/2020,652,661,640,646,0.94,8530
8/25/2020,657,657,644,648,0.31,7280
8/26/2020,659,672,650,665,2.62,26930
8/27/2020,675,675,654,661,-0.6,11387
8/30/2020,661,660,631,658,-0.45,7817
8/31/2020,668,669,655,659,0.15,19625
9/2/2020,666,675,665,668,1.37,31605
9/3/2020,670,670,661,670,0.3,27508
9/6/2020,683,685,659,660,-1.49,22274
9/7/2020,660,662,650,658,-0.3,19020
9/8/2020,651,656,646,653,-0.76,13437
9/9/2020,650,655,645,655,0.31,19920
9/10/2020,655,667,650,660,0.76,10064
9/13/2020,652,658,649,656,-0.61,21997
9/14/2020,660,673,659,666,1.52,27184
9/15/2020,675,675,657,664,-0.3,12306
9/16/2020,656,665,655,659,-0.75,8386
9/17/2020,655,671,655,670,1.67,17335
9/20/2020,671,695,671,676,0.9,31429
9/21/2020,681,682,671,671,-0.74,13734
9/22/2020,660,672,663,665,-0.89,17985
9/23/2020,678,678,655,663,-0.3,8052
9/24/2020,660,665,660,664,0.15,10537
9/27/2020,665,670,662,668,0.6,11519
9/28/2020,660,672,660,664,-0.6,12121
9/29/2020,665,665,660,660,-0.6,6094
9/30/2020,635,672,635,655,-0.76,7805
10/1/2020,657,668,657,662,1.07,9365
10/4/2020,664,674,664,669,1.06,13942
10/5/2020,675,680,664,666,-0.45,19381
10/6/2020,666,670,663,666,0,8780
10/7/2020,669,669,663,665,-0.15,10959
10/8/2020,669,669,660,661,-0.6,25543
10/11/2020,657,661,655,659,-0.3,17619
10/12/2020,659,660,649,655,-0.61,17890
10/13/2020,658,658,650,653,-0.31,20272
10/14/2020,650,657,650,657,0.61,11336
10/15/2020,665,665,652,658,0.15,9350
10/18/2020,658,658,650,652,-0.91,13508
10/19/2020,665,665,639,656,0.61,7075
10/20/2020,660,663,655,660,0.61,9154
10/21/2020,658,667,657,666,0.91,10526
10/22/2020,665,670,658,668,0.3,20245
10/28/2020,671,689,667,689,3.14,28361
10/29/2020,695,710,681,683,-0.87,28987
11/1/2020,670,670,633,656,-3.95,89195
11/2/2020,688,688,648,651,-0.76,24578
11/3/2020,654,654,646,647,-0.61,21681
11/4/2020,647,652,644,646,-0.15,17309
11/5/2020,645,645,635,636,-1.55,44695
11/8/2020,639,640,630,631,-0.79,24156
11/9/2020,630,630,621,623,-1.27,38131
11/10/2020,624,633,624,629,0.96,22741
11/11/2020,632,637,627,631,0.32,42148
11/12/2020,636,644,630,644,--,29454
11/18/2020,635,640,628,633,0,26437
11/19/2020,631,634,627,633,0,38015
11/22/2020,632,643,628,630,0,55727
11/23/2020,632,637,629,630,0,24028
11/24/2020,630,633,627,629,0,39905
11/25/2020,634,638,628,636,0.01,36233
11/26/2020,640,673,640,662,0.04,92425
11/29/2020,695,703,672,699,0.06,116075
11/30/2020,728,730,681,684,-0.02,79939
12/1/2020,675,682,663,668,-0.02,38097
12/2/2020,670,675,660,671,0,42721
12/3/2020,680,700,663,666,-0.01,38632
12/6/2020,663,663,639,639,-0.04,42758
12/7/2020,639,655,635,655,0.03,35824
12/8/2020,660,665,647,652,0,40145
12/9/2020,641,647,639,640,-0.02,25173
12/10/2020,637,647,634,645,0.01,25035
12/13/2020,645,669,642,666,0.03,30787
12/14/2020,666,671,656,667,0,29738
12/15/2020,655,680,655,659,-0.01,29663
12/16/2020,660,667,653,661,0,32255
12/17/2020,672,672,655,662,0,44307
12/20/2020,662,665,638,645,-0.03,40311
12/21/2020,650,650,614,634,-0.01,62424
12/22/2020,634,656,634,650,0.03,42181
12/23/2020,637,660,650,655,0.01,77891
12/24/2020,620,627,615,625,0.02,40534
12/27/2020,625,625,608,609,-0.03,24295
12/28/2020,607,619,601,611,0,23652
12/29/2020,625,625,602,605,-0.01,15201
12/30/2020,610,617,600,615,0.02,31936
12/31/2020,620,675,620,644,0.05,84143
1/3/2021,676,676,663,670,0.04,82127
1/4/2021,701,701,650,658,-0.02,64305
1/5/2021,659,665,646,653,-0.01,26463
1/6/2021,660,660,645,649,-0.01,31677
1/7/2021,681,681,648,652,0,28003
1/10/2021,684,684,645,663,0.02,43651
1/11/2021,696,696,658,660,0,32465
1/12/2021,662,665,654,662,0,37843
1/13/2021,665,674,662,669,0.01,44884
1/17/2021,669,680,661,678,0.01,76706
1/18/2021,690,690,671,676,0,58492
1/19/2021,689,689,660,663,-0.02,58437
1/20/2021,656,670,654,664,0,39825
1/21/2021,664,669,656,656,-0.01,52455
1/24/2021,667,680,657,660,0.01,55108
1/25/2021,672,673,652,656,-0.01,56110
1/26/2021,656,668,656,665,0.01,56537
1/27/2021,669,669,656,657,-0.01,48317
1/28/2021,689,689,635,641,-0.02,76443
1/31/2021,640,640,626,628,-0.02,40477
2/1/2021,630,642,625,628,0,28168
2/2/2021,659,659,629,630,0,40784
2/3/2021,635,636,629,630,0,37143
2/4/2021,625,630,624,626,-0.01,55552
2/7/2021,626,628,620,621,-0.01,54333
2/8/2021,625,632,625,630,0.01,39795
2/9/2021,641,641,628,630,0,26983
2/10/2021,626,629,620,626,0,47760
2/11/2021,627,636,625,627,0,33198
2/14/2021,627,635,622,622,-0.01,30185
2/15/2021,630,678,622,641,0.03,72825
2/16/2021,655,655,633,637,-0.01,47476
2/17/2021,649,649,630,635,0,55827
2/18/2021,646,649,637,644,0.01,79886
2/21/2021,655,656,640,652,0.01,71716
2/22/2021,650,652,634,642,-1.53,42112
2/23/2021,635,637,620,631,-1.71,37155
2/24/2021,640,640,626,632,0.16,28665
2/25/2021,630,634,625,626,0,24109
2/28/2021,621,626,616,618,-1.28,39613
3/1/2021,629,629,610,616,0,48763
3/2/2021,616,627,608,609,-1.14,50674
3/3/2021,605,609,598,599,-1.64,44707
3/4/2021,600,612,600,608,1.5,25050
3/8/2021,620,620,605,607,-0.16,22160
3/9/2021,605,609,601,604,-0.49,27053
3/10/2021,601,603,598,599,-0.83,25719
3/14/2021,600,600,585,589,-1.67,40975
3/15/2021,618,618,580,584,-0.85,24732
3/16/2021,586,600,585,588,0.68,18133
3/17/2021,595,597,590,593,0.85,8316
3/18/2021,598,600,595,597,0.67,12780
3/21/2021,596,607,593,605,1.34,27834
3/22/2021,616,616,600,601,-0.66,20786
3/23/2021,601,603,595,600,-0.17,22773
3/24/2021,605,610,599,600,0,22330
3/25/2021,600,602,596,596,-0.67,52873
3/29/2021,600,602,596,596,0,16943
3/30/2021,596,600,595,597,0.17,21573
3/31/2021,568,605,568,601,0.67,21617
4/1/2021,599,620,597,620,3.16,73320
4/4/2021,620,620,607,613,-1.13,33319
4/5/2021,615,620,603,603,-1.63,32110
4/6/2021,574,606,574,601,-0.33,27723
4/7/2021,600,606,600,602,0.17,26017
4/8/2021,602,605,600,601,-0.17,27362
4/12/2021,605,605,598,601,0,29378
4/13/2021,601,611,600,608,1.16,39641
4/15/2021,620,620,607,608,0,58882
4/18/2021,617,618,606,608,0,40656
4/19/2021,626,626,602,604,-0.66,30912
4/20/2021,610,610,598,601,-0.33,30795
4/21/2021,600,605,597,599,-0.33,31692
4/22/2021,600,601,594,600,0.17,29697
4/25/2021,608,608,590,591,-1.5,31940
4/26/2021,581,591,572,580,-1.86,28369
4/27/2021,580,592,570,591,1.9,29716
4/28/2021,580,585,580,582,-1.52,19739
4/29/2021,582,582,575,580,-0.34,23264
5/2/2021,581,588,577,581,0.17,22069
5/3/2021,552,596,552,582,0.17,23426
5/4/2021,582,584,578,580,-0.34,18457
5/5/2021,580,585,576,577,-0.52,15351
5/6/2021,575,578,571,574,-0.52,18266
5/9/2021,576,580,571,575,0.17,19256
5/10/2021,573,578,570,577,0.35,9768
5/11/2021,577,585,577,582,0.87,17540
5/12/2021,581,581,577,578,-0.69,12474
5/13/2021,576,589,575,576,-0.35,21034
5/16/2021,585,585,577,581,0.87,31215
5/17/2021,585,590,580,584,0.52,26903
5/18/2021,613,613,580,594,1.71,23987
5/19/2021,590,611,590,599,0.84,55451
5/20/2021,599,607,597,599,0,26609
5/23/2021,628,628,590,605,1,60386
5/24/2021,609,617,606,610,0.83,71147
5/25/2021,607,610,602,603,-1.15,27161
5/27/2021,596,602,593,600,-0.5,24619
5/30/2021,610,612,596,597,-0.5,53118
5/31/2021,600,601,591,592,-0.84,43984
6/1/2021,610,610,587,593,0.17,31823
6/2/2021,593,599,586,591,-0.34,23789
6/3/2021,591,600,591,597,1.02,56331
6/6/2021,608,618,603,611,2.35,93685
6/7/2021,640,640,605,605,-0.98,52104
6/8/2021,601,609,600,602,-0.5,55541
6/9/2021,615,615,600,602,0,27458
6/10/2021,614,614,588,597,-0.83,47975
6/13/2021,586,604,584,597,0,32668
6/14/2021,600,617,597,612,2.51,132482
6/15/2021,612,625,610,612,0,84570
6/16/2021,640,640,603,606,-0.98,35364
6/17/2021,611,618,604,604,-0.33,19532
6/20/2021,604,607,590,595,-1.49,97342
6/21/2021,566,605,566,587,-1.34,35940
6/22/2021,584,596,584,594,1.19,31093
6/23/2021,592,596,590,594,0,30215
6/24/2021,589,599,586,587,-1.18,27607
6/27/2021,558,617,558,602,2.56,46767
6/28/2021,600,606,596,598,-0.66,11039
6/29/2021,594,600,590,591,-1.17,25741
6/30/2021,591,594,586,590,-0.17,21140
7/1/2021,600,600,588,589,-0.17,18335
7/4/2021,589,595,585,591,0.34,22739
7/5/2021,591,597,585,592,0.17,33479
7/6/2021,595,608,585,608,2.7,42858
7/7/2021,600,605,595,597,-1.81,20713
7/8/2021,590,593,589,591,-1.01,25948
7/11/2021,597,597,591,594,0.51,32005
7/12/2021,600,600,585,590,-0.67,39569
7/13/2021,600,600,589,591,0.17,12623
7/14/2021,593,593,589,590,-0.17,5977
7/15/2021,598,598,589,590,0,11307
7/18/2021,579,606,579,601.4,1.93,51457
7/19/2021,613.4,615,598,603,0.27,38430
7/20/2021,600,606,600,601,-0.33,22197
7/22/2021,600,610,599.2,605,0.67,75851
7/25/2021,611,620,607,617,1.98,121448
7/26/2021,629.3,629.3,610,611,-0.97,48893
7/27/2021,610,612,598.4,607.1,-0.64,57500
7/28/2021,607,608.1,601,604,-0.51,31653
7/29/2021,607,607,599,601,-0.5,38017
8/1/2021,600.5,610,598,598,-0.5,38293
8/2/2021,586.2,602,586.2,602,0.67,33094
8/3/2021,614,614,592.09,599,-0.5,19384
8/4/2021,596,600,594,598,-0.17,37657
8/5/2021,598,600,595,595.1,-0.48,30430
8/8/2021,607,607,595.09,596,0.15,22278
8/9/2021,596,605,593.1,594,-0.34,26946
8/10/2021,605,605,593,600.1,1.03,44666
8/11/2021,600.1,604,595,596,-0.68,32136
8/12/2021,596,600,585,597,0.17,34165
8/15/2021,605,605,588,589,-1.34,33334
8/16/2021,589.2,590,582,584,-0.85,66198
8/17/2021,585,587,578.1,579,-0.86,47221
8/18/2021,576,585,570,581,0.35,63097
8/19/2021,589.9,589.9,570,577,-0.69,29216
8/24/2021,577,587.9,570,570.5,-1.13,41895
8/25/2021,570.5,576,569,570,-0.09,30641
8/26/2021,570,580,566,569,-0.18,25534
8/29/2021,576,579,565,565.2,-0.67,23851
8/31/2021,566,566,554.7,559,-1.1,47785
9/1/2021,559.1,564,557,559.9,0.16,26719
9/2/2021,555,565,555,558,-0.34,35658
9/5/2021,558,560,536,545,-2.33,39728
9/6/2021,545,565,544,558,2.39,26993
9/7/2021,560,567.5,553.1,555.3,-0.48,13192
9/8/2021,550,555,545,548,-1.31,25209
9/9/2021,552,552,543,547.5,-0.09,15818
9/12/2021,547.5,554,545,550,0.46,28512
9/13/2021,550,561,548,550,0,21378
9/14/2021,558,572.3,550,552,0.36,19091
9/15/2021,546,552,546,546,-1.09,14287
9/16/2021,540,545,537,538,-1.47,19453
9/20/2021,539,546,528,528,-1.86,26080
9/21/2021,525,540,515,530,0.38,17396
9/22/2021,540,560,539.2,539.3,1.75,12744
9/23/2021,550,563,545,550,1.98,15761
9/26/2021,560,561,540.2,541.2,-1.6,9910
9/27/2021,543,543,531,532.5,-1.61,9390
9/28/2021,528,538,519,528,-0.85,22257
9/29/2021,517.5,528.5,517.5,527,-0.19,15656
9/30/2021,528.5,539,524,528,0.19,8533
10/3/2021,535,535,518,523.8,-0.8,12868
10/4/2021,530,530,515,522,-0.34,7408
10/5/2021,523,532.4,519,522,0,13401
10/6/2021,532.4,550,532.4,536.9,2.85,23461
10/10/2021,547,547,536,537,0.02,7862
10/11/2021,540,540,535,535,-0.37,7064
10/17/2021,535,540,530,533,-0.37,2966
10/18/2021,534,534,530,531,-0.38,9758
10/19/2021,530,530,515,520,-2.07,16019
10/20/2021,521,531,521,527,1.35,3047
10/21/2021,528,530,520,524,-0.57,4576
10/24/2021,520,531,520,530.9,1.32,8912
10/25/2021,539.8,539.8,526,533.9,0.57,8884
10/26/2021,533,561,530.1,538,0.77,20015
10/27/2021,541,545,535.1,538,0,7377
10/28/2021,538,538,531,533,-0.93,7724
10/31/2021,525,535,525,531,-0.38,23387
11/1/2021,532,535,527.1,534.4,0.64,13345
11/2/2021,535,542,530,538,0.67,11329
11/3/2021,547,547,536.1,537,-0.19,14381
11/8/2021,547.7,558,530,535,-0.37,7622
11/9/2021,545,545,529.1,534,-0.19,9439
11/11/2021,538,538,520,525,-1.69,7607
11/14/2021,524.1,524.1,514.5,518,-1.33,22521
11/15/2021,507.8,525,507.8,520,0.39,9612
11/16/2021,520,530,518.2,528,1.54,11875
11/17/2021,535,535,525,525,-0.57,12407
11/18/2021,530,535,517,520,-0.95,9848
11/21/2021,530,530,520,525,0.96,11567
11/22/2021,529,530,524,527,0.38,11595
11/23/2021,525,527,523.1,525,-0.38,13563
11/24/2021,522,528,522,523.4,-0.3,21727
11/25/2021,521,535.5,520,535.1,2.24,36086
11/28/2021,476.8,485,464.6,476.2,-2.11,34180
11/29/2021,466.7,476,464,471.1,-1.07,26953
11/30/2021,462,472,462,463,-1.72,7677
12/1/2021,463,470,463,463.1,0.02,10757
12/2/2021,453.9,469.9,453.9,460.5,-0.56,6102
12/5/2021,457,465.9,442,448,-2.71,13840
12/6/2021,455,455,435,442,-1.34,9834
12/7/2021,449,450,441.1,442.2,0.05,10254
12/8/2021,434,453.8,434,450.8,1.94,22437
12/9/2021,458,464.8,448.8,463,2.71,40527
12/12/2021,468.9,472,444,448.2,-3.2,15316
12/13/2021,443,454,434.5,450,0.4,23012
12/14/2021,448.1,460.8,443.5,460.8,2.4,3036
12/15/2021,470,471,448,456.9,-0.85,11599
12/16/2021,454,457,446.5,448,-1.95,10145
12/20/2021,456.9,456.9,440,444,-0.89,17697
12/21/2021,450,451,444,449.5,1.24,8163
12/22/2021,458.4,460,450,451,0.33,8603
12/23/2021,460,461.5,448,448.1,-0.64,4444
12/26/2021,457,457,448,450,0.42,16623
12/27/2021,446,452,444,444,-1.33,18580
12/28/2021,445,448,440,445,0.23,9536
12/29/2021,445.1,450,445,447,0.45,5116
1/2/2022,447,457.9,439.1,457.9,2.44,16214
1/3/2022,466.9,467,457.9,462,0.9,14593
1/4/2022,462,508.2,452.8,497,7.58,48028
1/5/2022,488,515,482.2,489,-1.61,16531
1/6/2022,480,525,480,510,4.29,31673
1/9/2022,519.9,530,515,520,1.96,38421
1/10/2022,510,530.4,510,520,0,32327
1/11/2022,510,520,507,515,-0.96,10971
1/12/2022,520,520,505,505,-1.94,10647
1/13/2022,500,505,495,500,-0.99,14802
1/16/2022,500,550,500.1,550,10,44540
1/17/2022,561,561,530,534,-2.91,41753
1/18/2022,530,545,530,535.9,0.36,42876
1/19/2022,530,540.6,522,526,-1.85,19006
1/20/2022,529,529,516,525,-0.19,15295
1/23/2022,526,534,516.1,522,-0.57,24106
1/24/2022,522,523,501.6,510,-2.3,31246
1/25/2022,520.2,520.2,505,514.2,0.82,11527
1/26/2022,504,520,500.1,506,-1.59,13455
1/27/2022,496,520,495,501,-0.99,23094
1/30/2022,510,525,500,517.9,3.37,21665
1/31/2022,525,525,507,507,-2.1,9219
2/1/2022,502.1,512,500,506,-0.2,24303
2/3/2022,506,515,501,508.1,0.42,16760
2/6/2022,510,510,500,501,-1.4,25412
2/7/2022,500,508,500,506,1,6140
2/8/2022,516.1,520,500,501,0,12327
2/9/2022,504,505,493,495.1,-1.18,20092
2/10/2022,505,505,494.9,494.9,-0.04,13717
2/13/2022,485.1,488,475,480,-3.01,29854
2/14/2022,471,490,470,484,0.83,8173
2/15/2022,486,487,480,485,0.21,9519
2/16/2022,482,514,482,487,0.41,6975
2/17/2022,480,496,480,482.5,-0.92,14477
2/20/2022,473,482.8,464,476.2,-1.31,9988
2/21/2022,484,484,470,472.5,-0.78,14688
2/22/2022,481,485,475,476,0.74,12049
2/23/2022,476,482,475,479,0.63,18738
2/24/2022,479,479,468,470,-1.88,15830
2/27/2022,470,479,464.1,473,0.64,8985
2/28/2022,472,473.9,467,467,-1.27,13525
3/2/2022,464.2,464.2,455,460,-1.5,13631
3/6/2022,460,460,453.4,455,-1.09,10507
3/7/2022,464,464.1,456,456,0.22,8992
3/9/2022,459,459,450,452,-0.88,8075
3/10/2022,450,468,450,460,1.77,19155
3/13/2022,460,478.1,460,470,2.17,10779
3/14/2022,478,478,463.1,470.1,0.02,2525
3/15/2022,470,470,460.7,464,-1.3,5471
3/16/2022,460.1,470,460,463,-0.22,9332
3/20/2022,457,471,456.1,462,-0.22,4724
3/21/2022,465,465,455,459,-0.65,14937
3/22/2022,459,463,459,462,0.65,11263
3/23/2022,461.5,471,461.5,463,0.22,10233
3/24/2022,455,470,455,463,0,14040
3/27/2022,455,463,455,455.1,-1.71,12622
3/28/2022,458,458,450,450.2,-1.08,12475
3/29/2022,459,459,450,457,1.51,11977
3/30/2022,449,457,449,456.9,-0.02,6345
3/31/2022,465.9,466,450.6,452,-1.07,7396
4/3/2022,452,452,447.1,450,-0.44,5861
4/4/2022,459,459,446.1,448,-0.44,12225
4/5/2022,456.9,456.9,440.2,442.1,-1.32,6086
4/6/2022,440,450.9,436,438,-0.93,11599
4/7/2022,434.5,447,434.5,445,1.6,11197
4/11/2022,450,450,441.6,441.6,-0.76,13605
4/12/2022,440.1,442,435,438,-0.82,6359
4/13/2022,433.1,462.9,433.1,453.7,3.58,13351
4/17/2022,462.7,462.7,439.5,440,-3.02,7977
4/18/2022,440,448.8,436,437,-0.68,6545
4/19/2022,435,440.9,432,437,0,5507
4/20/2022,445.7,446.5,438,441,0.92,16005
4/21/2022,449.8,449.8,435,437.1,-0.88,10435
4/24/2022,445.8,451,443,450.1,2.97,11729
4/25/2022,454,456,442,442,-1.8,11976
4/26/2022,442,450,440,440,-0.45,4929
4/27/2022,437,441,436,438.5,-0.34,5895
4/28/2022,447.2,447.2,438.1,439,0.11,4135
5/2/2022,439,440,433.8,436,-0.68,13808
5/4/2022,430.1,436,430.1,434.5,-0.34,3455
5/5/2022,432,438,430.6,431,-0.81,6206
5/8/2022,429,432,422,432,0.23,11426
5/9/2022,440.6,440.6,431,434,0.46,7937
5/10/2022,433,441.6,433,441.6,1.75,5626
5/11/2022,440.1,444,440,444,0.54,2906
5/12/2022,449.9,449.9,438,440.9,-0.7,10173
5/17/2022,435,439,430,435,-1.34,6192
5/18/2022,429,435,429,432,-0.01,6071
5/19/2022,430.1,435,426,430,-0.46,5560
5/20/2022,425.7,435,425,428,-0.47,4264
5/23/2022,436.5,436.5,422,422.8,-1.21,9719
5/24/2022,431.2,431.2,423,428,1.23,10144
5/25/2022,436.5,436.5,422.2,432,0.93,9512
5/26/2022,440.6,440.6,421.5,436,0.93,15251
5/27/2022,436,436,428.2,430.7,-1.22,4456
5/30/2022,439.3,439.3,420,424.9,-1.35,6222
5/31/2022,424.5,424.5,418,420,-1.15,10350
6/1/2022,421,423,418,420,0,8761
6/2/2022,425.5,426,416.3,419.9,-0.02,3257
6/3/2022,428.2,428.2,413.2,416,-0.93,8143
6/6/2022,424.3,424.3,407,412,-0.96,4636
6/7/2022,412,412,400.2,401,-2.67,12264
6/8/2022,409,411,400,405,1,15338
6/9/2022,413.1,413.1,400.1,400.4,-1.14,15425
6/10/2022,398,403,397,397,-0.85,12045
6/13/2022,397,404,395,399,0.5,12312
6/14/2022,399,399.9,395,397,-0.5,7612
6/15/2022,400,400,391,391,-1.51,9554
6/16/2022,384,397.9,384,390,-0.26,8581
6/17/2022,393,397,390,390,0,4993
6/19/2022,385.2,392.9,385,390,0,5310
6/20/2022,384,390,382.2,385.5,-1.15,14718
6/21/2022,385,400,385,390,1.17,7918
6/22/2022,387,392,385,391,0.26,6980
6/23/2022,398.8,398.8,382.1,383.1,-2.02,21789
6/24/2022,390,390,380,388.8,1.49,6468
6/26/2022,396,405,390.5,404.9,4.14,13696
6/27/2022,412,419,392.1,401,-0.96,11471
6/28/2022,401,404,396.6,401,0,5094
6/29/2022,409,409,397.2,404,0.75,6598
6/30/2022,411.9,411.9,403,409,1.24,11914
7/1/2022,417,417,389.5,389.5,-4.77,11396
7/3/2022,397,406.8,381.8,403.5,3.59,19508
7/4/2022,408,415,403.8,409.9,1.59,15449
7/5/2022,401.8,414,394.1,400,-2.42,15039
7/6/2022,403,404,396,401,0.25,15234
7/7/2022,400,403,398,400,-0.25,14587
7/8/2022,397,399,387,395,-1.25,14858
7/11/2022,396,396,379.6,387.5,-1.9,35074
7/12/2022,387.5,395,375,384,-0.9,19747
7/13/2022,391,397,382.2,394,2.6,6192
7/14/2022,401.8,401.8,390,391.6,-0.61,158671
7/15/2022,398.9,400,395,396.3,1.2,5051
7/17/2022,390,400,387.1,394.9,-0.35,20704
7/18/2022,394,398,393,396.2,0.33,52068
7/19/2022,397,403.7,397,400,0.96,13947
7/20/2022,394.6,406.7,394.6,402,0.5,112934
7/21/2022,400,405.9,394,402.5,0.12,6326
7/22/2022,399,400,387.1,398,-1.12,4047
7/24/2022,398,409,391,409,2.76,23868
7/25/2022,411,425,411,425,3.91,34126
7/26/2022,427.9,427.9,411,415,-2.35,35955
7/27/2022,423,433,418,433,4.34,55196
7/28/2022,441,462.9,430,462.9,6.91,59744
7/29/2022,469,470,450,465,0.45,36593
7/31/2022,470,510,455,510,9.68,44052
8/1/2022,512,512,483,486,-4.71,67005
8/2/2022,487,487.9,468.3,474.6,-2.35,40106
8/3/2022,476,480.9,456,456,-3.92,39894
8/4/2022,448,468,440,451,-1.1,38694
8/5/2022,445,452.9,441,445,-1.33,7440
8/7/2022,445,453,445,453,1.8,18032
8/8/2022,461.9,461.9,442,444.1,-1.96,20624
8/9/2022,437.3,451.9,432,436,-1.82,12817
8/10/2022,440,440,429,429,-1.61,16773
8/11/2022,425,437,425,430,0.23,11210
8/14/2022,421.4,438.6,421.4,424,-1.4,14531
8/15/2022,424,457.7,422,451,6.37,17285
8/16/2022,442,460,434,439.1,-2.64,17620
8/17/2022,443,443,426.3,430,-2.07,13134
8/18/2022,430,444.6,427.4,441,2.56,12890
8/21/2022,445,449.8,437.3,437.3,-0.84,7374
8/22/2022,431.1,440,431,440,0.62,2924
8/23/2022,438,442,425,438.9,-0.25,15308
8/24/2022,440,440,430.6,435,-0.89,5589
8/25/2022,435,440,431,432,-0.69,5833
8/26/2022,438,438,424.9,425.6,-1.48,10140
8/28/2022,420.1,427,420,425,-0.14,10563
8/29/2022,421.5,427.5,421,421,-0.94,11699
8/30/2022,422,430,421.3,421.4,0.1,8802
8/31/2022,426,427,419,422.8,0.33,5671
9/1/2022,415.2,421,415.2,419,-0.9,5639
9/2/2022,420,420,412,419,0,3892
9/4/2022,419.1,425,415.2,422,0.72,9286
9/5/2022,420,422,416.1,417,-1.18,3885
9/6/2022,420,424.9,413,413.1,-0.94,8859
9/7/2022,410,415,406.5,410,-0.75,3907
9/8/2022,410.1,415,405.1,408.1,-0.46,10559
9/11/2022,407,415,407,411,0.71,3473
9/12/2022,411,411.9,407,411,0,2463
9/13/2022,414,420,413,417.8,1.65,4190
9/14/2022,417.8,423.8,412,423.8,1.44,8995
9/15/2022,424,428,405,409.5,-3.37,13470
9/16/2022,402.4,410,402,410,0.12,4676
9/18/2022,402,410,397.1,399.8,-2.49,24569
9/20/2022,399,400,392.1,400,0.05,12629
9/21/2022,407,407,390,394,-1.5,13376
9/22/2022,393,398,390,392,-0.51,6498
9/25/2022,395,398.9,390.1,394,0.51,7292
9/27/2022,387,406.9,387,402,2.03,3007
9/28/2022,402.3,406,399,400,-0.5,2354
9/29/2022,401,402,396.3,401.2,0.3,7019
10/9/2022,402,421.1,402,416.7,3.86,2748
10/10/2022,411,414,400,406.8,-2.38,7212
10/11/2022,408.4,408.4,400.2,404,-0.69,3167
10/12/2022,411,411,402,402,-0.5,4772
10/13/2022,408,410,398,400,-0.1,10129
10/16/2022,398,429,397,429,7.25,11178
10/17/2022,437.5,437.5,402,410,-4.43,23037
10/19/2022,402.1,410,400.2,405,-1.22,4919
10/20/2022,401,408,401,404.9,-0.02,3225
10/23/2022,409,409,402,403,-0.47,4357
10/31/2022,411,427.9,411,418,3.72,30058
11/1/2022,421,425,412.6,418,0,26016
11/2/2022,423,426,413.5,420.5,0.6,11285
11/3/2022,416,420.9,415.3,419,-0.36,7668
11/6/2022,419.1,424,415.6,421,0.48,18214
11/7/2022,421,428,420.1,422,0.24,11953
11/8/2022,421,424,418.1,419.1,-0.69,5844
11/9/2022,419.5,423.5,416,417.8,-0.31,7949
11/10/2022,420,420,411.1,415,-0.67,7408
11/13/2022,423,423,412,412.5,-0.6,4999
11/14/2022,412.2,419,412.2,418.9,1.55,12413
11/15/2022,421,421,416.2,417,-0.45,1945
11/16/2022,420,423.3,415,422.5,1.32,6814
11/17/2022,430,430,421,426.1,0.85,6744
11/22/2022,434,440,432.2,439,3.03,46364
11/23/2022,433,433,415,418,-4.78,11493
11/24/2022,422,424,412,418.3,0.07,8821
11/27/2022,415,416,411,411.3,-1.67,10915
11/28/2022,419.5,419.6,405,407,-1.05,13907
11/29/2022,409,412,405.5,408,0.25,7670
11/30/2022,406,410.9,406,408,0,7218
12/1/2022,405,412,405,410.8,0.69,8993
12/4/2022,406,416.9,406,412.1,0.32,5021
12/5/2022,410,417,409,409,-0.75,4768
12/6/2022,409,412,406,406.5,-0.61,4382
12/7/2022,407,407.1,401.2,402.7,-0.93,7278
12/11/2022,398,404,396,402.8,0.02,9534
12/12/2022,405,405,400,402,-0.2,10687
12/13/2022,402,405,400,403.2,0.3,4010
12/14/2022,402,403.2,398,400,-0.79,7463
12/15/2022,398.5,405,398.5,400,0,6707
12/18/2022,395,399,394,397.7,-0.57,12685
12/19/2022,393,399,392,398.8,0.28,6604
12/20/2022,396,405,396,402.5,0.93,6828
12/21/2022,400,407.9,400,404.9,0.6,4495
12/22/2022,400,408,400,404.7,-0.05,9832
12/26/2022,412,412.9,404,412.9,2.03,9846
12/27/2022,416,424,415,423,2.45,49025
12/28/2022,425,425,414.6,419.8,-0.76,5023
12/29/2022,414.1,440,414.1,434,3.38,18258
1/1/2023,442,462.9,435,437.1,0.71,23398
1/2/2023,431,446,431,440.3,0.73,10471
1/3/2023,434,459,434,447,1.52,24127
1/4/2023,454.9,469.2,444.1,462,3.36,35270
1/5/2023,462,474.3,454,464,0.43,21396
1/8/2023,470,470,456,458.6,-1.16,20591
1/9/2023,458,475,452.1,475,3.58,33999
1/10/2023,472,489,467.1,469,-1.26,43970
1/12/2023,478,486,456.3,463,-1.28,32221
1/17/2023,460,461,447,460,-0.65,17078
1/18/2023,461,465,452.1,453,-1.52,31118
1/19/2023,450,465,447,459.9,1.52,51457
1/23/2023,469,505.8,469,505.8,9.98,172003
1/24/2023,515.9,535,505,510.1,0.85,125474
1/25/2023,510,511,500,505,-1,81904
1/26/2023,512,512,500,503,-0.4,24592
1/29/2023,507,510,497,500,-0.6,40164
1/30/2023,500,506.1,492.1,501,0.2,41513
1/31/2023,498,501,493,493,-1.6,36946
2/1/2023,495,519.5,488,514,4.26,80016
2/2/2023,517,548,508.2,512,-0.39,194615
2/5/2023,513,521,510.1,515.2,0.63,52920
2/6/2023,515,530.3,513.2,530,2.87,64467
2/7/2023,530,553,521.2,545,2.83,90383
2/8/2023,545,555,535,540,-0.92,117207
2/9/2023,540,550,531.5,546,1.11,90008
2/12/2023,535.1,542,528.9,532,-2.56,61835
2/14/2023,523.1,532,523.1,526.7,-1,45017
2/15/2023,527,535,520,521.2,-1.04,52544
2/15/2023,527,535,520,521.2,-1.04,52544
2/16/2023,520,527.9,518.5,521.6,0.08,21682
2/20/2023,529,529,510,510,-2.22,41073
2/22/2023,508.2,521,508.2,515,0.98,38251
2/23/2023,512,520,509,520,0.97,50616
2/26/2023,510,523.8,501,523,0.58,34471
2/27/2023,529,529,514,522,-0.19,22544
2/28/2023,518,529,517,523.1,0.21,18048
3/1/2023,529.9,532,516,520,-0.59,36858
3/2/2023,521,521,511.7,515,-0.96,13472
3/5/2023,524.9,525,501,506,-1.75,29703
3/7/2023,505,515.3,505,514,1.58,16320
3/9/2023,520,523,511.1,519,0.97,14883
